ItemBaseID,TextName,Primary_Category,Age_Category,CompSerTypeCode,TypeStayCode,Cumbria,Northumberland,Gateshead,Newcastle upon Tyne,North Tyneside,South Tyneside,Sunderland,Hartlepool,Middlesbrough,Redcar and Cleveland,Stockton-on-Tees,Durham,Darlington,Barnsley,Doncaster,Rotherham,Sheffield,Bradford,Calderdale,Kirklees,Leeds,Wakefield,East Riding of Yorkshire,"Kingston upon Hull, City of",North East Lincolnshire,North Lincolnshire,North Yorkshire,York,Bolton,Bury,Manchester,Oldham,Rochdale,Salford,Stockport,Tameside,Trafford,Wigan,Knowsley,Liverpool,Sefton,St. Helens,Wirral,Halton,Warrington,Lancashire,Blackburn with Darwen,Blackpool,Cheshire East,Cheshire West and Chester,Warwickshire,Birmingham,Coventry,Dudley,Sandwell,Solihull,Walsall,Wolverhampton,Staffordshire,Stoke-on-Trent,"Herefordshire, County of",Worcestershire,Shropshire,Telford and Wrekin,Lincolnshire,Northamptonshire,Derbyshire,Derby,Leicestershire,Leicester,Rutland,Nottinghamshire,Nottingham,Hertfordshire,Norfolk,Oxfordshire,Suffolk,Luton,Buckinghamshire,Milton Keynes,Bracknell Forest,West Berkshire,Reading,Slough,Windsor and Maidenhead,Wokingham,Essex,Southend-on-Sea,Thurrock,Cambridgeshire,Peterborough,Bedford,Central Bedfordshire,Camden,Greenwich,Hackney,Hammersmith and Fulham,Islington,Kensington and Chelsea,Lambeth,Lewisham,Southwark,Tower Hamlets,Wandsworth,Westminster,City of London,Barking and Dagenham,Barnet,Bexley,Brent,Bromley,Croydon,Ealing,Enfield,Haringey,Harrow,Havering,Hillingdon,Hounslow,Kingston upon Thames,Merton,Newham,Redbridge,Richmond upon Thames,Sutton,Waltham Forest,Isle of Wight,Surrey,West Sussex,Dorset,Bournemouth,Poole,Hampshire,Portsmouth,Southampton,East Sussex,Brighton and Hove,Wiltshire,Swindon,Kent,Medway,Cornwall,Gloucestershire,Somerset,Isles of Scilly,Bath and North East Somerset,"Bristol, City of",North Somerset,South Gloucestershire,Devon,Plymouth,Torbay
2000101,PD_1864_RES-LA_PERM,Physical Disability,18-64,Local Authority Residential Care,PERM,5,0,0,0,0,0,0,0,0,0,0,0,0,0,5,0,0,0,0,0,0,0,0,0,0,0,0,0,0,0,0,0,0,0,0,0,0,0,0,0,0,0,0,0,0,0,0,0,0,0,0,0,0,0,0,0,0,0,0,0,0,0,0,0,0,0,5,0,0,0,0,0,0,0,0,0,0,0,0,0,0,0,0,0,0,0,0,0,0,0,0,0,0,0,5,0,0,0,0,0,0,0,0,0,0,0,0,0,0,0,0,0,0,0,0,0,0,0,5,0,0,0,0,0,0,0,0,0,5,0,0,0,0,0,0,0,0,0,0,0,0,0,0,0,0,0,0,0,0,0,0,0
2000102,PD_1864_RES-IND_PERM,Physical Disability,18-64,Independent Residential Care,PERM,20,30,25,20,20,10,15,5,30,20,10,35,10,15,20,15,30,110,5,35,55,40,35,50,25,20,35,5,15,20,45,10,25,25,25,5,10,15,20,80,35,20,25,5,10,105,25,15,5,30,55,85,10,15,10,15,5,20,40,40,25,40,20,15,65,60,65,25,45,25,0,60,45,90,80,30,40,15,60,10,0,0,10,5,10,5,135,10,15,40,5,10,20,25,35,15,10,20,10,40,35,35,25,20,5,0,5,35,25,155,25,35,10,20,15,20,15,25,15,10,15,25,25,20,5,20,15,100,120,30,15,10,85,15,15,90,25,45,15,175,40,40,65,40,0,15,30,25,10,115,25,10
2000103,PD_1864_NUR_PERM,Physical Disability,18-64,Nursing Care,PERM,25,15,10,20,10,10,20,0,5,5,10,40,10,10,15,15,40,60,15,25,55,15,15,20,0,5,30,15,5,10,20,5,35,15,10,20,10,15,15,55,60,15,20,5,5,55,5,10,15,35,10,75,5,20,25,10,5,25,30,30,10,30,15,15,50,25,50,20,10,10,0,60,10,80,35,55,35,10,25,15,5,0,10,10,5,0,40,0,0,20,10,10,10,15,10,10,15,5,5,35,20,30,10,20,15,0,10,20,15,30,15,25,25,5,10,10,10,20,20,5,15,10,10,10,10,5,5,65,50,5,10,0,75,5,10,35,15,30,5,65,15,30,35,35,0,10,30,15,25,25,5,5
2000110,PD_1864_RES-LA_TEMP,Physical Disability,18-64,Local Authority Residential Care,TEMP,0,0,0,0,0,0,0,0,0,0,0,0,0,0,0,0,0,5,0,0,0,0,0,0,0,0,0,0,0,0,0,0,0,5,0,0,0,0,0,0,0,0,0,0,0,0,0,0,5,0,0,0,0,0,0,0,0,0,0,0,0,0,0,0,0,0,0,0,0,0,0,0,0,5,0,0,0,0,0,0,0,0,0,0,0,0,0,0,0,0,0,0,0,0,0,5,0,0,0,0,0,0,0,0,0,0,0,0,0,0,0,0,0,0,0,0,0,0,0,0,0,0,0,0,0,0,5,0,0,0,0,0,5,5,5,0,0,5,0,10,0,0,15,0,0,0,5,0,0,5,0,0
2000111,PD_1864_RES-IND_TEMP,Physical Disability,18-64,Independent Residential Care,TEMP,0,0,5,5,5,0,5,5,5,5,10,10,0,0,0,5,5,0,0,5,5,0,0,10,5,0,0,0,0,5,5,0,0,0,10,0,0,5,0,10,5,0,5,0,5,25,5,5,5,0,5,5,0,0,5,0,5,0,5,0,5,0,0,5,35,5,5,0,5,10,0,15,0,5,15,0,0,0,0,0,0,0,0,0,0,0,5,5,5,5,0,0,0,0,10,0,5,0,0,0,5,5,0,0,0,0,0,0,0,0,5,15,10,5,5,0,5,5,0,0,5,5,5,0,0,0,0,0,0,5,0,0,15,0,5,10,5,10,0,5,5,0,5,15,0,0,0,0,5,20,5,0
2000112,PD_1864_NUR_TEMP,Physical Disability,18-64,Nursing Care,TEMP,0,0,5,0,0,0,5,0,0,0,0,5,0,0,0,0,0,0,0,0,5,0,0,5,0,0,5,0,0,0,0,0,0,0,5,0,0,0,0,0,0,0,5,0,0,5,0,0,0,0,0,10,0,0,0,0,0,0,5,0,0,0,0,5,5,0,0,0,0,0,0,5,0,0,5,5,5,0,5,0,0,0,0,0,0,0,0,0,0,0,0,0,0,0,5,0,0,5,0,5,5,5,0,0,0,0,0,0,0,0,0,0,5,0,0,0,0,0,0,0,5,0,0,0,0,0,5,0,0,0,0,0,5,0,5,5,0,5,0,5,0,0,0,0,0,0,0,5,0,0,0,0
2000201,LD_1864_RES-LA_PERM,Learning Disability,18-64,Local Authority Residential Care,PERM,20,10,0,0,0,0,0,0,5,10,5,0,0,0,20,15,0,0,0,0,0,0,10,30,0,0,0,0,0,0,0,0,0,0,0,0,0,0,0,5,0,0,5,0,0,0,0,0,0,0,0,0,10,0,0,0,0,15,45,0,0,10,10,15,0,0,15,0,15,0,0,0,10,0,0,0,0,5,0,0,0,0,0,0,10,0,0,5,0,0,0,0,5,0,25,0,5,15,0,0,0,0,0,0,0,0,5,0,0,15,5,0,0,0,5,20,0,30,0,10,15,0,0,15,0,5,25,100,45,10,20,0,20,5,0,15,15,0,0,0,0,0,0,70,0,0,5,0,0,0,0,5
2000202,LD_1864_RES-IND_PERM,Learning Disability,18-64,Independent Residential Care,PERM,170,175,125,55,60,80,130,25,100,70,105,185,35,75,85,110,215,105,50,170,275,175,220,140,55,70,210,50,20,55,90,5,70,30,65,10,50,15,40,120,80,25,145,30,25,240,20,50,95,100,220,705,135,155,115,130,85,120,380,145,95,300,125,55,355,330,285,110,350,205,20,470,210,685,585,235,275,90,270,80,30,80,105,55,105,105,780,70,95,165,95,95,105,65,115,120,105,95,55,210,145,155,100,200,100,0,30,190,145,50,140,275,145,110,140,105,130,160,115,80,85,105,110,105,150,160,110,930,325,175,80,45,750,65,110,400,130,280,125,875,170,335,355,200,0,95,280,115,190,405,130,85
2000203,LD_1864_NUR_PERM,Learning Disability,18-64,Nursing Care,PERM,30,5,0,10,0,15,5,0,10,20,5,20,0,5,0,20,30,45,10,20,15,0,5,5,10,5,0,5,5,0,0,5,5,15,5,0,0,0,10,15,10,5,5,5,20,5,0,0,10,15,5,25,5,10,20,5,0,20,30,5,5,20,5,5,65,10,80,15,5,5,0,20,25,30,5,5,5,5,5,0,0,0,0,0,0,0,0,0,0,5,0,0,0,0,0,0,5,0,5,15,5,0,0,5,5,0,0,0,0,5,10,5,10,0,0,5,5,5,0,5,0,0,5,0,0,5,0,10,20,0,0,0,20,0,0,10,0,5,0,5,5,5,10,10,0,5,20,5,15,5,0,0
2000210,LD_1864_RES-LA_TEMP,Learning Disability,18-64,Local Authority Residential Care,TEMP,5,0,0,10,5,0,0,0,0,0,10,0,0,0,0,10,10,0,0,0,0,0,10,0,0,0,5,0,0,0,0,0,0,0,0,0,0,5,5,5,0,5,15,5,0,10,0,0,5,0,0,15,0,0,0,0,0,5,0,5,0,10,5,0,0,0,10,5,5,0,0,10,0,25,0,0,5,5,0,0,0,0,0,0,0,0,0,0,0,10,0,0,5,0,0,0,0,0,0,0,0,0,0,0,0,0,0,0,0,0,0,0,0,0,0,0,0,0,0,0,0,0,0,5,0,0,5,10,0,0,0,0,95,10,0,10,5,165,0,20,0,0,10,50,0,0,10,0,0,10,10,5
2000211,LD_1864_RES-IND_TEMP,Learning Disability,18-64,Independent Residential Care,TEMP,5,5,10,10,10,0,15,5,0,5,5,10,0,5,0,5,5,0,0,0,15,0,0,10,5,0,5,0,5,5,10,0,0,0,70,0,10,0,0,5,5,0,5,0,5,5,5,0,10,10,15,15,5,5,15,0,5,5,0,0,5,10,10,5,90,15,0,15,0,10,0,5,0,15,10,5,10,5,0,5,0,15,0,0,0,30,40,0,5,10,10,0,15,0,5,5,0,0,0,0,0,5,5,55,30,0,5,10,0,0,45,30,0,5,15,0,5,5,0,0,0,5,25,5,0,0,0,0,0,0,0,0,195,0,5,5,10,0,15,10,0,0,0,10,0,0,0,10,5,10,5,0
2000212,LD_1864_NUR_TEMP,Learning Disability,18-64,Nursing Care,TEMP,0,0,0,0,0,0,0,0,0,0,0,0,0,0,0,0,0,0,0,0,0,0,0,0,0,0,0,0,0,0,0,0,0,0,0,0,0,0,0,0,0,0,0,0,0,0,0,0,0,0,0,0,0,0,0,0,0,0,0,0,0,0,0,0,0,0,0,0,0,0,0,0,0,0,0,0,0,0,0,0,0,0,0,0,0,0,0,0,0,0,0,0,0,0,0,0,0,0,0,0,0,0,0,0,0,0,0,0,0,0,0,0,0,0,0,0,0,0,0,0,0,0,0,0,0,0,0,0,0,0,0,0,0,0,0,0,0,0,0,0,0,0,0,0,0,0,0,0,0,0,0,0
2000301,MH_1864_RES-LA_PERM,Mental Health,18-64,Local Authority Residential Care,PERM,0,0,0,0,0,0,0,0,0,0,0,0,0,0,0,0,0,0,0,0,0,0,0,0,0,0,0,0,0,0,0,0,0,0,0,0,0,0,0,0,0,0,0,0,0,10,0,0,0,0,0,0,0,0,0,0,0,0,5,0,0,0,0,0,0,0,0,0,0,0,0,0,0,0,0,0,0,0,0,0,0,5,5,0,0,0,0,0,0,5,0,0,0,0,0,0,0,0,0,0,0,0,0,0,0,0,0,0,0,0,0,0,0,0,0,5,0,0,0,0,0,0,0,0,0,0,0,0,0,0,0,0,0,0,0,0,0,0,0,0,0,0,0,0,0,0,0,0,0,0,0,0
2000302,MH_1864_RES-IND_PERM,Mental Health,18-64,Independent Residential Care,PERM,35,60,35,35,35,35,15,20,45,35,25,55,5,20,15,35,105,40,5,35,85,35,70,120,20,30,55,30,25,45,110,25,60,50,25,15,25,25,20,55,25,0,90,15,20,225,35,45,25,20,30,195,30,30,55,25,20,15,60,50,30,50,25,15,85,40,100,40,65,140,0,60,100,120,195,15,45,35,30,5,5,10,15,0,15,5,170,40,20,55,10,15,15,35,5,70,70,30,15,0,60,60,95,5,90,5,45,65,5,15,65,20,55,30,0,10,20,35,25,20,15,55,50,25,15,45,45,45,160,35,15,15,125,70,35,80,65,75,35,180,35,70,70,45,0,20,85,45,15,85,35,55
2000303,MH_1864_NUR_PERM,Mental Health,18-64,Nursing Care,PERM,5,5,10,35,5,10,15,10,20,25,5,35,10,5,5,10,20,20,5,15,60,0,10,5,0,20,5,5,20,10,45,5,15,20,5,15,0,25,20,90,50,15,15,5,10,65,5,5,20,10,15,55,10,15,10,5,30,40,65,15,10,20,10,0,55,95,45,10,10,5,0,25,0,5,25,5,25,5,10,5,5,5,5,5,5,0,15,0,0,10,0,5,5,5,0,0,5,0,0,5,5,10,5,10,15,0,0,5,0,5,5,10,10,5,0,5,5,0,0,5,0,5,5,5,5,5,0,20,15,5,0,5,25,5,0,20,10,5,5,5,5,0,10,5,0,5,20,10,5,10,0,0
2000310,MH_1864_RES-LA_TEMP,Mental Health,18-64,Local Authority Residential Care,TEMP,0,0,0,20,0,0,0,0,0,0,0,0,0,0,0,0,0,0,0,0,0,0,0,0,0,0,0,0,0,0,0,0,0,0,0,0,0,0,0,0,0,0,0,0,0,0,0,5,0,0,0,0,0,0,0,0,0,0,0,0,0,0,0,0,0,0,0,0,0,0,0,0,0,0,0,0,0,0,0,0,0,0,0,0,0,0,0,0,0,0,0,0,0,0,0,0,0,0,0,0,0,0,0,0,0,0,0,0,0,0,0,0,0,0,0,0,0,0,0,0,0,0,0,0,0,0,0,0,0,0,0,0,0,0,0,0,0,0,0,0,0,0,0,0,0,0,0,0,0,0,0,0
2000311,MH_1864_RES-IND_TEMP,Mental Health,18-64,Independent Residential Care,TEMP,0,0,10,10,0,0,0,0,0,5,5,10,5,20,0,0,10,0,0,0,5,0,0,0,0,5,5,0,0,0,10,0,0,0,5,5,0,0,0,0,0,0,0,0,0,25,5,0,0,0,0,10,5,0,5,5,5,0,0,0,0,0,10,5,5,0,5,0,5,10,0,5,0,0,30,0,5,0,0,0,0,0,0,0,0,0,0,0,5,0,0,0,0,0,70,15,0,0,0,80,5,60,0,70,0,0,0,5,0,0,0,55,10,15,120,5,0,5,0,0,10,5,5,5,0,0,5,0,0,0,0,0,0,0,0,5,0,10,0,20,0,0,0,0,0,0,0,5,0,5,0,5
2000312,MH_1864_NUR_TEMP,Mental Health,18-64,Nursing Care,TEMP,0,0,0,0,0,0,0,0,0,0,5,0,0,0,0,0,0,0,0,0,0,0,0,0,0,0,0,0,0,0,0,0,0,0,0,5,0,0,5,5,0,0,0,0,0,0,0,0,0,0,0,0,0,0,0,0,0,0,0,0,0,0,0,0,0,20,0,0,0,0,0,0,0,0,0,0,5,0,0,0,0,0,0,0,0,0,0,0,0,0,0,0,0,0,0,0,0,0,0,0,0,10,0,0,0,0,0,0,0,0,0,0,5,0,5,0,0,0,0,0,0,0,0,0,0,0,0,5,0,0,0,0,0,0,0,5,0,0,0,0,0,0,0,0,0,0,0,0,0,0,0,0
2000401,SM_1864_RES-LA_PERM,Substance Misuse,18-64,Local Authority Residential Care,PERM,0,0,0,0,0,0,0,0,0,0,0,0,0,0,0,0,0,0,0,0,0,0,0,0,0,0,0,0,0,0,0,0,0,0,0,0,0,0,0,0,0,0,0,0,0,0,0,0,0,0,0,0,0,0,0,0,0,0,0,0,0,0,0,0,0,0,0,0,0,0,0,0,0,0,0,0,0,0,0,0,0,0,0,0,0,0,0,0,0,0,0,0,0,0,0,0,0,0,0,0,0,0,0,0,0,0,0,0,0,0,0,0,0,0,0,0,0,0,0,0,0,0,0,0,0,0,0,0,0,0,0,0,0,0,0,0,0,0,0,0,0,0,0,0,0,0,0,0,0,0,0,0
2000402,SM_1864_RES-IND_PERM,Substance Misuse,18-64,Independent Residential Care,PERM,0,0,0,10,0,0,0,0,0,0,0,0,0,5,0,0,5,20,0,5,0,0,10,0,0,5,0,0,0,0,10,0,0,5,0,0,0,0,0,5,0,0,0,0,5,15,0,0,5,0,0,10,0,0,0,0,0,5,0,5,0,5,0,0,5,0,15,0,0,5,0,5,15,0,5,0,0,5,10,0,0,0,0,0,0,0,0,0,0,5,0,0,5,0,0,0,0,0,0,0,0,5,0,0,5,0,0,0,10,0,5,0,0,0,0,0,0,0,0,0,0,5,5,0,0,0,5,0,0,0,0,0,10,0,5,10,5,15,0,0,0,0,0,5,0,0,5,5,0,5,20,0
2000403,SM_1864_NUR_PERM,Substance Misuse,18-64,Nursing Care,PERM,0,0,0,0,0,0,0,0,0,0,0,0,0,0,0,0,0,5,0,5,0,0,0,0,0,0,0,0,0,0,0,0,0,0,0,0,0,0,0,0,0,0,0,0,5,5,0,0,0,0,0,5,0,0,0,0,0,0,0,0,0,0,0,0,0,0,0,0,0,0,0,0,5,0,0,0,0,0,0,0,0,0,0,0,0,0,0,0,0,5,0,0,0,5,0,0,0,0,0,0,0,0,0,0,0,0,0,0,0,0,0,5,0,0,0,0,0,0,0,0,0,0,0,0,0,0,0,0,0,0,0,0,5,0,0,0,0,0,0,0,0,0,0,0,0,0,0,0,0,0,0,0
2000410,SM_1864_RES-LA_TEMP,Substance Misuse,18-64,Local Authority Residential Care,TEMP,0,0,0,0,0,0,0,0,0,0,0,0,0,0,0,0,0,0,0,0,0,0,0,0,0,0,0,0,0,0,0,0,0,0,0,0,0,0,0,0,0,0,0,0,0,0,0,0,0,0,0,0,0,0,0,0,0,0,0,0,0,0,0,0,0,0,0,0,0,0,0,0,0,0,0,0,0,0,0,0,0,0,0,0,0,0,0,0,0,0,0,0,0,0,0,0,0,0,0,0,0,0,0,0,0,0,0,0,0,0,0,0,0,0,0,0,0,0,0,0,0,0,0,0,0,0,0,0,0,0,0,0,0,0,0,0,0,5,0,0,0,0,0,0,0,0,0,0,0,0,0,0
2000411,SM_1864_RES-IND_TEMP,Substance Misuse,18-64,Independent Residential Care,TEMP,5,5,0,25,5,0,0,5,0,0,0,5,0,0,0,5,5,0,0,0,5,0,0,5,0,0,0,0,5,5,10,0,0,0,0,0,0,0,5,5,0,0,0,0,5,70,0,15,5,0,0,5,0,10,0,0,0,0,0,0,0,0,0,0,5,0,10,0,10,10,0,0,5,5,15,15,0,0,0,5,0,0,0,0,0,0,0,5,0,0,0,0,0,0,0,15,0,10,0,5,0,10,0,10,0,0,0,0,0,0,0,5,5,0,5,0,0,0,0,0,10,10,0,0,5,0,5,0,15,0,0,0,0,0,5,5,0,0,0,0,0,5,0,0,0,0,0,5,5,0,5,0
2000412,SM_1864_NUR_TEMP,Substance Misuse,18-64,Nursing Care,TEMP,0,0,0,0,0,0,0,0,0,0,0,0,0,0,0,0,0,0,0,0,0,0,0,0,0,0,0,0,0,0,0,0,0,0,0,0,0,0,0,0,0,0,0,0,0,0,0,0,0,0,0,0,0,0,0,0,0,0,0,0,0,0,0,0,0,0,0,0,0,0,0,0,0,0,0,0,0,0,0,0,0,0,0,0,0,0,0,0,0,0,0,0,0,0,0,0,0,0,0,0,0,0,0,0,0,0,0,0,0,0,0,0,0,0,0,0,0,0,0,0,0,0,0,0,0,0,0,0,0,0,0,0,0,0,0,0,0,0,0,0,0,0,0,0,0,0,0,0,0,0,0,0
2000601,PD_1864_APL_PERM,Physical Disability,18-64,Adult Placement,PERM,0,0,0,0,0,0,0,0,0,0,0,0,0,0,0,0,0,15,0,0,0,0,0,0,0,0,0,0,0,0,0,0,0,0,5,0,0,0,0,0,0,0,5,0,0,5,0,0,0,0,0,0,0,0,0,0,0,0,0,0,5,5,0,5,0,0,0,0,5,0,0,0,0,0,0,0,0,0,0,0,0,0,0,0,0,0,0,0,0,0,0,0,0,0,5,0,0,0,0,0,0,0,0,0,0,0,0,0,0,0,45,5,0,0,0,0,0,0,0,0,0,0,0,0,0,0,0,0,0,5,0,0,5,0,0,5,5,0,0,10,0,10,5,75,0,0,0,0,0,0,0,0
2000604,PD_1864_APL_TEMP,Physical Disability,18-64,Adult Placement,TEMP,0,0,0,0,0,0,0,0,0,0,0,0,0,0,0,0,0,0,0,0,0,0,0,0,0,0,0,0,20,0,0,0,0,0,0,0,0,0,0,0,0,0,0,0,0,0,0,0,0,0,0,0,0,0,0,0,0,0,0,0,0,0,0,0,0,0,0,0,0,0,0,0,0,0,0,0,0,0,0,0,0,0,0,0,0,0,0,0,0,0,0,0,0,0,0,0,0,0,0,0,0,5,0,0,0,0,0,0,0,0,5,0,0,0,0,0,0,0,0,0,0,5,0,0,0,0,0,0,0,0,0,0,0,0,0,0,0,0,0,0,0,0,0,15,0,0,5,0,0,0,0,0
2000701,LD_1864_APL_PERM,Learning Disability,18-64,Adult Placement,PERM,5,35,10,10,20,25,30,0,0,0,0,45,5,30,5,15,20,100,15,35,0,35,25,35,0,0,45,15,35,5,50,45,15,35,35,30,10,0,0,10,0,20,30,0,5,160,10,0,5,0,0,50,30,15,5,0,20,5,30,0,50,65,0,25,35,55,50,10,50,25,0,20,30,35,10,65,10,15,25,0,0,20,30,0,5,5,30,15,0,10,15,5,5,5,35,15,0,10,15,15,15,0,0,35,0,0,5,0,20,15,155,65,10,10,25,10,0,10,5,0,5,15,5,5,15,10,0,40,135,30,25,30,115,15,35,50,35,0,0,95,15,105,5,280,0,5,40,20,10,80,10,10
2000704,LD_1864_APL_TEMP,Learning Disability,18-64,Adult Placement,TEMP,0,0,25,0,0,15,0,0,0,0,0,0,5,5,0,10,5,0,0,35,5,0,0,0,0,0,15,0,10,0,5,10,0,0,0,35,0,0,0,0,0,0,0,5,5,15,0,5,5,0,0,0,0,0,0,0,20,0,10,0,0,5,0,0,0,0,0,65,5,5,0,0,25,0,0,0,0,0,0,0,0,0,0,0,0,10,0,0,0,0,0,0,0,0,0,0,0,0,0,0,0,10,0,0,0,0,0,0,0,0,45,0,5,0,0,0,0,0,0,0,0,0,0,0,5,0,0,0,0,0,0,0,5,0,0,0,5,15,0,5,0,0,0,60,0,0,180,20,0,0,0,0
2000801,MH_1864_APL_PERM,Mental Health,18-64,Adult Placement,PERM,0,0,0,0,0,0,0,0,0,0,0,0,0,0,0,0,0,0,0,0,0,0,0,0,0,0,0,0,0,0,0,5,0,0,0,0,0,0,0,0,0,0,0,0,0,0,0,0,0,0,0,0,10,0,0,0,0,0,0,0,10,10,0,5,5,0,0,0,0,0,0,0,0,0,0,0,0,0,0,0,0,0,0,0,0,0,0,0,0,0,0,0,0,0,0,10,0,0,25,0,0,0,0,0,0,0,0,0,0,5,70,65,0,0,5,5,0,5,0,0,40,0,0,0,0,0,0,5,0,0,0,0,10,5,5,5,15,0,0,5,0,5,0,50,0,0,0,0,0,5,0,5
2000804,MH_1864_APL_TEMP,Mental Health,18-64,Adult Placement,TEMP,0,0,0,0,0,0,0,0,0,0,0,0,0,0,0,0,0,0,0,5,0,0,0,0,0,0,0,0,20,0,0,0,0,0,0,0,0,0,0,0,0,0,0,0,0,0,0,0,0,0,0,0,0,0,0,0,0,0,0,0,0,0,0,0,0,0,0,0,0,0,0,0,0,0,0,0,0,0,0,0,0,0,0,0,0,0,0,0,0,0,0,0,0,0,0,0,0,0,0,0,0,0,0,0,0,0,0,0,0,0,0,0,0,0,0,0,0,0,0,0,0,0,0,0,0,0,0,0,0,0,0,0,0,0,0,0,0,0,0,0,0,0,0,0,0,0,5,0,0,0,0,0
2000901,SM_1864_APL_PERM,Substance Misuse,18-64,Adult Placement,PERM,0,0,0,0,0,0,0,0,0,0,0,0,0,0,0,0,0,0,0,0,0,0,0,0,0,0,0,0,0,0,0,0,0,0,0,0,0,0,0,0,0,0,0,0,0,10,0,0,0,0,0,0,0,0,0,0,0,0,0,0,0,5,0,0,0,0,0,0,0,0,0,0,0,0,0,0,0,0,0,0,0,0,0,0,0,0,0,0,0,0,0,0,0,0,0,0,0,0,0,0,0,0,0,0,0,0,0,0,0,0,5,0,0,0,0,0,0,0,0,0,0,0,0,0,0,0,0,0,0,0,0,0,5,0,0,0,0,0,0,0,0,0,0,5,0,0,0,0,0,0,0,0
2000904,SM_1864_APL_TEMP,Substance Misuse,18-64,Adult Placement,TEMP,0,0,0,0,0,0,0,0,0,0,0,0,0,0,0,0,0,0,0,0,0,0,0,0,0,0,0,0,0,0,0,0,0,0,0,0,0,0,0,0,0,0,0,0,0,0,0,0,0,0,0,0,0,0,0,0,0,0,0,0,0,0,0,0,0,0,0,0,0,0,0,0,0,0,0,0,0,0,0,0,0,0,0,0,0,0,0,0,0,0,0,0,0,0,0,0,0,0,0,0,0,0,0,0,0,0,0,0,0,0,0,0,0,0,0,0,0,0,0,0,0,0,0,0,0,0,0,0,0,0,0,0,0,0,0,0,0,0,0,0,0,0,0,0,0,0,0,0,0,0,0,0
2001601,PD_1864_RES-LA_PERM,Physical Disability,18-64,Local Authority Residential Care,PERM,5,0,0,0,0,0,0,0,0,0,0,0,0,0,0,0,0,0,0,0,0,0,0,0,0,0,0,0,0,0,0,0,0,0,0,0,0,0,0,0,0,0,0,0,0,0,0,0,0,0,0,0,0,0,0,0,0,0,0,0,0,0,0,0,0,0,0,0,0,0,0,0,0,0,0,0,0,0,0,0,0,0,0,0,0,0,0,0,0,0,0,0,0,0,0,0,0,0,0,0,0,0,0,0,0,0,0,0,0,0,0,0,0,0,0,0,0,0,0,0,0,0,0,0,0,0,0,0,0,0,0,0,0,0,0,0,0,0,0,0,0,0,0,0,0,0,0,0,0,0,0,0
2001602,PD_1864_RES-IND_PERM,Physical Disability,18-64,Independent Residential Care,PERM,5,5,0,0,0,0,0,0,5,5,5,5,0,0,5,0,5,5,0,10,5,5,5,5,5,0,5,0,5,5,5,0,5,5,5,0,0,5,5,10,5,0,5,0,0,35,5,5,0,5,10,15,0,10,5,0,5,0,15,5,0,10,5,5,15,20,15,0,5,5,0,10,5,25,15,5,10,5,10,0,0,0,5,0,5,0,20,5,0,10,0,0,0,5,0,0,5,5,0,10,5,5,5,0,5,0,10,0,0,0,5,0,5,0,0,0,0,0,5,0,0,0,5,0,0,0,0,5,10,10,0,5,20,5,5,20,5,15,5,30,5,5,15,5,0,5,5,5,0,25,5,5
2001603,PD_1864_NUR_PERM,Physical Disability,18-64,Nursing Care,PERM,5,5,0,0,5,0,10,0,5,0,0,10,0,0,5,0,10,5,0,5,10,5,0,5,0,0,0,5,0,5,0,5,5,5,0,0,5,5,5,5,5,5,5,0,5,10,0,5,0,5,5,20,0,5,5,5,0,0,5,5,0,15,0,0,10,10,15,0,5,0,0,10,0,20,10,15,10,5,5,5,5,0,5,5,0,0,5,0,0,10,5,0,0,0,5,0,5,5,0,10,0,5,0,5,5,0,0,5,0,10,5,10,5,0,0,0,5,0,5,0,5,0,0,0,0,0,0,10,10,0,5,0,25,0,5,5,0,10,0,20,0,10,15,10,0,5,10,0,10,10,0,0
2001701,LD_1864_RES-LA_PERM,Learning Disability,18-64,Local Authority Residential Care,PERM,0,0,0,0,0,0,0,0,0,0,0,0,0,0,0,0,0,0,0,0,0,0,0,0,0,0,0,0,0,0,0,0,0,0,0,0,0,0,0,0,0,0,0,0,0,0,0,0,0,0,0,0,0,0,0,0,0,0,0,0,0,0,0,0,0,0,5,0,0,0,0,0,0,0,0,0,0,0,0,0,0,0,0,0,0,0,0,0,0,0,0,0,0,0,0,0,0,0,0,0,0,0,0,0,0,0,0,0,0,0,0,0,0,0,0,0,0,0,0,0,0,0,0,0,0,0,0,5,0,0,5,0,0,0,0,0,0,0,0,0,0,0,0,0,0,0,0,0,0,0,0,0
2001702,LD_1864_RES-IND_PERM,Learning Disability,18-64,Independent Residential Care,PERM,10,5,5,5,5,5,5,5,5,5,5,15,0,10,5,5,10,0,0,10,25,5,10,5,5,5,15,5,5,5,10,0,5,5,5,5,0,5,5,5,5,0,10,5,5,15,5,0,15,5,10,45,5,15,5,5,0,5,20,5,10,20,5,5,25,20,25,0,15,15,5,40,15,40,120,10,10,0,15,5,0,5,5,5,5,0,35,0,5,15,10,0,5,5,5,5,20,5,0,5,10,5,5,5,5,0,0,5,0,10,10,5,5,0,10,5,5,5,5,5,5,5,5,5,0,10,15,35,20,10,0,5,50,0,10,10,5,20,5,65,10,20,10,20,0,5,15,5,10,35,5,5
2001703,LD_1864_NUR_PERM,Learning Disability,18-64,Nursing Care,PERM,0,0,0,0,0,0,0,0,0,0,0,5,0,0,0,5,0,0,0,0,0,0,0,0,0,0,0,0,0,0,0,0,0,0,0,0,0,0,0,5,0,5,0,0,5,0,0,0,5,5,0,5,0,0,0,0,0,0,0,0,0,0,0,0,5,0,5,0,0,0,0,0,0,5,0,0,0,0,0,0,0,0,0,0,0,0,0,0,0,0,0,0,0,0,0,0,0,0,0,0,0,0,0,0,0,0,0,0,0,0,0,0,0,0,0,0,0,0,0,0,0,0,0,0,0,0,0,0,0,0,0,0,5,0,0,0,0,0,0,0,0,0,0,0,0,0,0,0,0,0,0,0
2001801,MH_1864_RES-LA_PERM,Mental Health,18-64,Local Authority Residential Care,PERM,0,0,0,0,0,0,0,0,0,0,0,0,0,0,0,0,0,0,0,0,0,0,0,0,0,0,0,0,0,0,0,0,0,0,0,0,0,0,0,0,0,0,0,0,0,0,0,0,0,0,0,0,0,0,0,0,0,0,0,0,0,0,0,0,0,0,0,0,0,0,0,0,0,0,0,0,0,0,0,0,0,0,5,0,0,0,0,0,0,0,0,0,0,0,0,0,0,0,0,0,0,0,0,0,0,0,0,0,0,0,0,0,0,0,0,0,0,0,0,0,0,0,0,0,0,0,0,0,0,0,0,0,0,0,0,0,0,0,0,0,0,0,0,0,0,0,0,0,0,0,0,0
2001802,MH_1864_RES-IND_PERM,Mental Health,18-64,Independent Residential Care,PERM,5,15,5,10,5,0,5,5,10,5,5,5,5,5,0,5,25,0,0,0,15,5,5,15,0,5,5,0,5,5,15,0,5,5,5,10,5,10,0,5,5,5,10,0,0,45,5,10,5,10,5,35,10,5,0,5,0,5,10,0,5,10,5,5,5,5,20,0,10,5,0,15,35,20,55,5,15,0,5,0,0,5,5,0,5,0,15,5,5,15,5,5,0,10,0,5,5,5,5,0,5,0,10,0,15,0,0,20,0,10,20,0,5,0,0,5,5,15,0,0,0,5,0,0,0,5,10,5,40,10,10,0,30,15,10,25,5,25,5,25,5,15,20,5,0,5,15,5,5,10,5,15
2001803,MH_1864_NUR_PERM,Mental Health,18-64,Nursing Care,PERM,0,0,0,10,0,5,5,0,5,5,0,10,0,0,0,0,5,0,0,0,5,0,0,0,0,0,0,0,0,0,10,0,0,0,0,5,0,5,0,10,0,0,0,0,0,10,0,0,5,5,0,10,0,0,0,0,5,5,15,5,0,0,0,0,5,10,5,0,5,0,0,5,0,0,5,0,5,5,0,0,0,0,0,5,0,0,0,0,0,5,0,0,0,0,0,0,0,0,0,0,0,0,0,0,10,0,0,0,0,0,0,0,0,0,0,0,0,0,0,0,0,0,0,0,5,0,0,0,0,0,0,0,5,0,0,5,0,5,0,0,0,0,5,0,0,0,5,0,5,0,0,0
2001901,SM_1864_RES-LA_PERM,Substance Misuse,18-64,Local Authority Residential Care,PERM,0,0,0,0,0,0,0,0,0,0,0,0,0,0,0,0,0,0,0,0,0,0,0,0,0,0,0,0,0,0,0,0,0,0,0,0,0,0,0,0,0,0,0,0,0,0,0,0,0,0,0,0,0,0,0,0,0,0,0,0,0,0,0,0,0,0,0,0,0,0,0,0,0,0,0,0,0,0,0,0,0,0,0,0,0,0,0,0,0,0,0,0,0,0,0,0,0,0,0,0,0,0,0,0,0,0,0,0,0,0,0,0,0,0,0,0,0,0,0,0,0,0,0,0,0,0,0,0,0,0,0,0,0,0,0,0,0,0,0,0,0,0,0,0,0,0,0,0,0,0,0,0
2001902,SM_1864_RES-IND_PERM,Substance Misuse,18-64,Independent Residential Care,PERM,0,0,0,5,0,0,0,0,0,0,0,0,0,0,0,0,0,0,0,0,0,0,0,0,0,0,0,0,0,0,0,0,0,0,0,0,0,0,0,5,0,0,0,0,0,5,0,0,5,0,0,0,0,0,0,0,0,0,5,0,0,0,0,0,0,0,5,0,0,0,0,0,5,0,25,0,0,0,5,0,0,0,0,0,0,0,0,0,0,5,0,0,0,0,0,0,0,0,0,0,0,0,0,0,0,0,0,0,0,0,10,0,0,0,0,0,0,0,0,0,0,0,0,0,0,0,0,0,0,0,0,0,5,0,5,0,0,5,0,0,0,0,0,0,0,0,0,0,0,5,10,0
2001903,SM_1864_NUR_PERM,Substance Misuse,18-64,Nursing Care,PERM,0,0,0,0,0,0,0,0,0,0,0,0,0,0,0,0,0,0,0,0,0,0,0,0,0,0,0,0,0,0,0,0,0,0,0,0,0,0,0,0,0,0,0,0,0,0,0,0,0,0,0,5,0,0,0,0,0,0,0,0,0,0,0,0,0,0,0,0,0,0,0,0,5,0,0,0,0,0,0,0,0,0,0,0,0,0,0,0,0,0,0,0,0,0,0,0,0,0,0,0,0,0,0,0,0,0,0,0,0,0,0,0,0,0,0,0,0,0,0,0,0,0,0,0,0,0,0,0,0,0,0,0,0,0,0,0,0,10,0,0,0,0,0,0,0,0,0,0,0,0,0,0
2002301,PD_1864_APL_PERM,Physical Disability,18-64,Adult Placement,PERM,0,0,0,0,0,0,0,0,0,0,0,0,0,0,0,0,0,5,0,0,0,0,0,0,0,0,0,0,0,0,0,0,0,0,0,0,0,0,0,0,0,0,0,0,0,0,0,0,0,0,0,0,0,0,0,0,0,0,0,0,0,0,0,0,0,0,0,0,0,0,0,0,0,0,0,5,0,0,0,0,0,0,0,0,0,0,0,0,0,0,0,0,0,0,0,0,0,0,0,0,0,0,0,0,0,0,0,0,0,0,10,0,0,0,0,0,0,0,0,0,0,0,0,0,0,0,0,0,0,0,0,0,5,0,0,0,0,0,0,5,0,5,0,15,0,0,0,0,0,0,0,0
2002401,LD_1864_APL_PERM,Learning Disability,18-64,Adult Placement,PERM,0,0,10,5,5,5,5,0,0,0,0,5,0,10,0,0,0,15,5,5,0,10,0,5,0,0,10,0,5,0,5,10,0,5,5,10,0,0,0,10,0,0,5,0,0,25,10,0,0,0,0,15,0,0,0,0,20,0,0,0,15,5,0,5,0,5,0,0,5,0,0,0,5,10,0,5,0,0,5,0,0,0,10,0,0,0,5,0,0,0,0,0,0,0,5,0,0,0,0,0,0,0,0,5,0,0,0,0,0,0,10,5,0,0,0,5,0,0,0,0,0,0,0,0,0,0,0,15,25,10,5,5,30,5,10,0,5,0,0,10,0,25,0,25,0,5,40,15,0,10,0,5
2002501,MH_1864_APL_PERM,Mental Health,18-64,Adult Placement,PERM,0,0,0,0,0,0,0,0,0,0,0,0,0,0,0,0,0,0,0,0,0,0,0,0,0,0,0,0,0,0,0,0,0,0,0,0,0,0,0,0,0,0,0,0,0,0,0,0,0,0,0,0,0,0,0,0,0,0,0,0,0,0,0,5,5,0,0,0,0,0,0,0,0,0,0,0,0,0,0,0,0,0,0,0,0,0,0,0,0,0,0,0,0,0,0,0,0,0,0,0,0,0,0,0,0,0,0,0,0,0,20,10,0,0,0,0,0,0,0,0,10,0,0,0,0,0,0,0,0,0,0,0,0,5,0,0,0,0,0,0,0,0,0,10,0,0,0,0,0,0,0,0
2002601,SM_1864_APL_PERM,Substance Misuse,18-64,Adult Placement,PERM,0,0,0,0,0,0,0,0,0,0,0,0,0,0,0,0,0,0,0,0,0,0,0,0,0,0,0,0,0,0,0,0,0,0,0,0,0,0,0,0,0,0,0,0,0,10,0,0,0,0,0,0,0,0,0,0,0,0,0,0,0,0,0,0,0,0,0,0,0,0,0,0,0,0,0,0,0,0,0,0,0,0,0,0,0,0,0,0,0,0,0,0,0,0,0,0,0,0,0,0,0,0,0,0,0,0,0,0,0,0,10,0,0,0,0,0,0,0,0,0,0,0,0,0,0,0,0,0,0,0,0,0,0,0,0,0,0,0,0,0,0,0,0,5,0,0,0,0,0,0,0,0
2001201,6574_RES-ALL_PERM,#N/A,65-74,Residential Care,PERM,160,130,75,90,55,55,70,25,85,70,80,190,50,70,75,50,120,150,50,110,160,100,185,175,70,75,120,35,80,70,150,90,85,85,60,65,50,85,60,185,120,45,135,30,45,390,65,105,60,65,125,310,70,115,80,45,55,65,170,110,50,135,95,55,230,165,235,65,150,160,5,235,145,265,350,55,160,55,60,25,10,25,35,20,25,20,375,75,45,105,25,45,50,50,50,50,30,60,45,60,75,80,75,40,75,5,35,70,50,75,65,80,90,65,55,45,45,50,45,20,30,60,30,65,35,65,80,90,210,95,55,25,245,55,75,240,125,95,40,425,70,145,155,135,0,25,125,100,70,235,110,90
2001202,6574_NUR_PERM,#N/A,65-74,Nursing Care,PERM,60,35,30,60,35,20,45,20,30,35,40,95,20,30,35,35,80,85,30,50,140,25,20,10,10,25,90,25,25,15,95,30,30,25,35,45,40,60,30,110,105,40,75,20,40,185,15,25,75,85,45,190,35,45,65,20,35,50,155,55,25,105,65,30,140,75,155,55,35,25,0,130,30,110,90,120,90,30,65,25,15,20,15,10,15,15,85,5,5,90,10,15,30,25,30,20,35,30,10,55,45,35,25,35,45,0,15,25,15,45,35,40,40,30,10,20,20,40,25,10,25,30,20,25,20,10,20,120,105,40,25,10,220,25,45,95,40,70,25,165,25,60,95,120,0,55,100,40,45,65,25,15
2001301,6574_RES-ALL_TEMP,#N/A,65-74,Residential Care,TEMP,10,0,10,5,15,0,10,10,15,5,25,30,5,5,0,10,10,10,0,5,10,10,5,10,5,10,10,0,5,5,10,5,0,5,10,0,5,5,5,10,5,5,15,5,5,45,5,15,20,10,10,10,10,15,10,0,0,10,15,0,0,5,0,5,50,25,10,10,5,10,0,10,0,5,40,5,30,0,5,0,0,0,0,0,0,0,0,5,0,5,5,0,5,5,5,5,0,5,0,25,5,5,0,30,5,0,0,5,0,0,0,10,5,5,35,0,0,5,0,0,10,5,5,5,0,0,20,10,0,5,5,0,5,0,5,15,10,10,0,30,0,0,35,10,0,0,10,5,0,15,5,5
2001302,6574_NUR_TEMP,#N/A,65-74,Nursing Care,TEMP,0,0,0,0,0,0,0,0,0,0,5,5,0,0,0,5,0,0,0,0,5,0,0,0,0,0,5,0,0,0,0,0,0,0,5,5,5,0,0,5,0,5,0,0,0,10,0,0,10,0,0,5,5,0,10,0,0,5,5,0,5,0,0,5,5,5,0,0,0,0,0,0,0,5,5,0,5,0,5,0,0,0,0,0,0,0,0,0,0,0,0,0,0,0,5,5,0,0,0,5,0,0,0,0,0,0,0,0,0,5,5,5,0,0,10,0,0,0,0,0,0,5,5,0,0,0,0,0,0,0,0,0,5,0,0,0,5,10,0,5,0,0,0,5,0,0,5,0,0,0,0,0
2001401,6574_APL_PERM,#N/A,65-74,Adult Placement,PERM,0,5,0,0,0,0,0,0,0,0,0,5,0,0,0,0,5,5,0,5,0,0,5,0,0,0,10,0,10,0,5,5,0,0,0,5,0,0,0,5,0,0,0,0,0,15,0,0,0,0,0,5,10,0,0,0,0,0,0,0,15,10,0,0,5,5,5,0,0,5,0,0,5,0,0,5,0,0,0,0,0,0,0,0,0,0,0,5,0,0,0,0,0,0,5,0,0,0,0,5,0,0,0,5,0,0,0,0,0,10,100,20,0,5,5,0,0,10,0,0,10,0,0,0,5,0,0,10,20,5,5,5,25,10,5,5,10,0,0,10,5,15,0,255,0,0,5,0,0,15,0,5
2001501,6574_APL_TEMP,#N/A,65-74,Adult Placement,TEMP,0,0,5,0,0,0,0,0,0,0,0,0,0,0,0,0,0,0,0,15,5,0,0,0,0,0,0,0,25,0,0,0,0,0,0,0,0,0,0,0,0,0,0,0,0,0,0,0,0,10,0,0,0,0,0,0,0,0,5,0,0,0,0,0,0,0,0,0,0,0,0,0,0,0,0,0,0,0,0,0,0,0,0,0,0,0,0,0,0,0,0,0,0,0,0,0,0,0,0,0,0,0,0,0,0,0,0,0,0,0,5,0,0,0,0,0,0,0,0,0,0,0,0,0,0,0,0,0,0,0,0,0,0,0,0,0,0,5,0,0,0,0,0,15,0,0,0,0,0,0,0,0
2001203,7584_RES-ALL_PERM,#N/A,75-84,Residential Care,PERM,385,265,195,230,140,165,285,95,190,185,195,550,155,250,330,175,295,330,125,215,410,195,385,355,210,175,310,115,195,145,330,220,215,185,175,225,115,255,180,490,340,150,220,80,85,1050,150,225,160,155,295,505,175,215,150,90,140,180,395,210,85,250,205,95,545,445,560,150,360,210,20,560,220,600,835,180,440,105,165,100,25,65,60,25,40,30,1060,160,85,250,60,85,140,75,90,70,40,90,40,95,90,90,85,65,70,5,75,150,80,100,105,130,100,125,95,60,115,80,75,30,65,80,90,65,40,70,160,350,465,285,190,115,550,85,135,355,160,235,105,835,115,260,270,305,0,65,155,165,110,465,195,125
2001204,7584_NUR_PERM,#N/A,75-84,Nursing Care,PERM,165,90,105,115,95,45,150,50,65,60,70,260,50,65,80,75,205,155,45,95,265,60,50,15,15,20,190,90,50,30,140,45,55,70,95,50,100,100,80,215,185,105,190,50,135,375,30,45,180,190,125,395,60,120,130,65,75,85,295,145,85,220,155,50,270,215,310,115,100,50,5,305,85,305,125,255,205,45,210,60,50,35,50,55,55,55,185,0,5,185,30,40,50,45,55,40,80,80,30,105,100,85,25,95,65,5,50,80,55,65,95,95,85,45,55,60,55,55,45,35,50,60,40,40,35,45,35,370,300,95,35,25,615,65,105,285,110,195,65,445,65,160,270,280,0,110,185,115,120,135,45,15
2001303,7584_RES-ALL_TEMP,#N/A,75-84,Residential Care,TEMP,20,10,35,25,50,10,15,20,15,10,55,75,10,5,10,15,10,40,5,5,25,20,30,35,15,30,30,5,10,5,20,15,0,25,25,15,15,20,15,15,5,5,20,10,5,95,15,15,40,15,15,15,20,30,40,0,10,30,55,15,5,35,5,20,165,45,45,30,10,10,10,40,15,30,65,15,45,5,10,0,0,0,0,0,0,5,10,0,5,10,10,0,5,5,15,15,5,5,0,5,5,10,0,15,10,0,5,10,0,0,5,15,10,10,10,0,5,15,0,0,5,5,5,5,5,0,45,40,5,15,5,0,15,20,10,50,15,10,5,105,5,0,35,10,0,5,10,15,0,45,20,15
2001304,7584_NUR_TEMP,#N/A,75-84,Nursing Care,TEMP,0,0,5,5,0,0,0,0,0,0,15,15,0,0,0,5,0,0,0,0,10,0,0,0,0,0,5,0,0,0,0,0,0,0,10,0,5,10,5,0,5,5,5,0,0,5,0,0,35,0,0,20,5,0,30,0,5,0,20,0,5,5,0,10,20,10,0,5,0,0,0,5,0,5,10,20,20,10,5,0,0,0,0,0,5,0,0,0,0,0,0,0,0,0,10,0,5,5,0,0,5,10,0,0,0,0,5,5,0,0,5,15,5,0,5,0,5,0,0,0,5,5,15,5,0,0,10,0,0,0,0,0,15,0,5,10,5,30,5,30,0,0,0,5,0,0,5,5,0,5,0,5
2001402,7584_APL_PERM,#N/A,75-84,Adult Placement,PERM,0,0,0,0,0,0,0,0,0,0,0,0,0,0,0,0,0,5,0,0,0,0,5,0,0,0,0,0,0,0,0,0,0,0,0,0,0,0,0,5,0,0,0,0,0,5,0,0,0,0,0,0,5,0,0,0,0,0,0,0,0,5,0,0,0,0,0,0,0,0,0,0,0,0,0,0,0,0,0,0,0,0,0,0,0,0,0,0,0,0,0,0,0,0,0,0,0,0,0,0,0,0,0,0,0,0,0,0,0,5,200,5,0,0,0,0,0,0,0,5,5,0,0,0,5,0,0,0,0,0,0,0,10,0,0,0,5,0,0,5,0,0,0,585,0,0,0,0,0,5,0,5
2001502,7584_APL_TEMP,#N/A,75-84,Adult Placement,TEMP,0,0,0,0,0,0,0,0,0,0,0,0,0,0,0,0,0,0,0,5,0,0,0,0,0,0,0,0,10,0,0,0,0,0,0,0,0,0,0,0,0,0,0,0,0,0,0,0,0,15,0,0,0,0,0,0,0,0,0,0,0,0,0,0,0,0,0,0,0,0,0,0,0,0,0,0,0,0,0,0,0,0,0,0,0,0,0,0,0,0,0,0,0,0,0,0,0,0,0,0,0,0,0,0,0,0,0,0,0,0,5,0,0,0,0,0,0,0,0,0,0,0,0,0,0,0,0,0,0,0,0,0,0,0,0,0,0,5,0,0,0,0,0,15,0,0,0,0,0,0,0,0
2001205,85OV_RES-ALL_PERM,#N/A,85+,Residential Care,PERM,735,510,345,365,260,335,445,175,290,320,295,985,250,415,595,415,660,670,260,435,870,415,750,580,315,355,665,215,365,280,420,365,360,290,420,385,200,365,195,650,535,205,420,120,190,2045,270,355,335,350,730,725,330,440,310,195,235,340,840,365,215,550,370,155,1210,980,1165,275,885,390,60,1245,410,1345,1760,405,930,155,395,200,80,120,70,45,85,95,2060,350,195,605,145,215,320,125,160,95,50,135,80,130,120,120,130,130,120,5,160,280,115,165,165,155,130,215,160,135,230,145,115,80,120,115,200,125,70,120,345,940,1000,660,325,180,1180,170,195,680,270,500,175,1645,210,660,645,630,0,165,300,320,210,1235,360,240
2001206,85OV_NUR_PERM,#N/A,85+,Nursing Care,PERM,195,125,115,155,150,90,120,40,70,60,80,275,45,50,90,85,270,175,75,120,320,70,65,15,5,20,295,135,40,30,140,40,40,85,125,60,120,90,70,210,240,135,215,35,155,450,35,70,305,250,220,485,90,125,200,100,100,100,405,185,160,340,255,80,385,280,355,150,140,60,20,360,110,460,175,415,295,45,330,85,65,80,75,60,85,75,230,0,10,265,40,40,80,80,110,40,120,70,50,125,130,125,60,150,110,5,85,115,105,55,130,175,85,80,45,90,120,105,65,75,105,80,75,110,75,65,95,750,470,145,65,40,985,100,145,490,215,285,95,745,105,235,460,545,0,225,325,135,190,220,50,35
2001305,85OV_RES-ALL_TEMP,#N/A,85+,Residential Care,TEMP,10,5,55,35,55,10,20,30,20,15,55,85,5,5,5,30,25,60,5,5,45,35,35,45,15,40,30,5,10,5,25,20,5,30,30,20,25,20,15,5,20,10,25,15,10,115,5,30,60,25,30,30,40,60,50,5,10,45,80,15,10,50,5,45,225,95,75,30,15,15,20,85,15,35,95,35,105,10,5,0,5,0,0,0,0,5,15,15,5,20,10,0,10,5,15,10,5,10,0,5,10,5,0,0,10,0,5,10,5,0,0,15,15,5,5,10,10,15,0,0,10,10,5,0,5,0,60,85,5,40,0,0,20,10,15,70,25,20,10,125,5,0,35,40,0,5,20,15,5,75,15,25
2001306,85OV_NUR_TEMP,#N/A,85+,Nursing Care,TEMP,0,0,5,0,0,0,0,5,0,0,5,10,0,0,0,5,5,0,0,0,5,0,0,0,0,0,5,0,0,0,5,0,0,0,5,0,5,5,5,0,0,0,10,0,0,15,0,0,35,0,5,20,5,0,45,0,5,0,20,0,5,10,5,15,20,10,5,5,0,0,0,10,0,5,10,45,35,5,10,0,0,0,0,5,5,0,0,0,0,5,0,0,0,5,10,0,5,5,0,0,0,5,0,0,0,0,0,0,0,5,0,5,5,0,10,0,0,0,0,0,5,5,20,5,0,0,10,0,0,5,0,0,25,0,5,25,5,50,5,35,0,0,0,5,0,0,5,5,5,5,0,0
2001403,85OV_APL_PERM,#N/A,85+,Adult Placement,PERM,0,0,0,0,0,0,0,0,0,0,0,0,0,0,0,0,0,5,0,0,0,0,0,0,0,0,0,0,0,0,0,0,0,0,0,0,0,0,0,0,0,0,0,0,0,0,0,0,0,0,0,0,0,0,0,0,0,0,0,0,0,0,0,0,0,0,0,0,0,0,0,0,0,0,0,0,0,0,0,0,0,0,0,0,0,0,0,0,0,0,0,0,0,0,0,0,0,0,0,0,0,0,0,0,0,0,0,0,0,0,295,0,0,0,0,0,0,0,0,0,0,0,0,0,0,0,0,0,0,0,0,0,0,0,0,0,0,0,0,0,0,0,0,1175,0,0,5,0,0,0,0,0
2001503,85OV_APL_TEMP,#N/A,85+,Adult Placement,TEMP,0,0,0,0,0,0,0,0,0,0,0,0,0,0,0,0,0,0,0,10,0,0,0,0,0,0,0,0,15,0,0,0,0,0,0,0,0,0,0,0,0,0,0,0,0,0,0,0,0,25,0,0,0,0,0,0,0,0,0,0,0,0,0,0,0,0,0,0,0,0,0,0,0,0,0,0,0,0,0,0,0,0,0,0,0,0,0,0,0,0,0,0,0,0,0,0,0,0,0,0,0,0,0,0,0,0,0,0,0,0,0,0,0,0,0,0,0,0,0,0,0,0,0,0,0,0,0,0,0,0,0,0,0,0,0,0,0,0,0,0,0,0,0,45,0,0,0,0,0,0,0,0
2000104,PD_65OV_RES-LA_PERM,Physical Disability,65+,Local Authority Residential Care,PERM,0,0,0,0,0,0,0,0,0,0,0,35,0,0,85,20,0,30,20,10,150,0,45,10,0,0,0,160,5,0,0,0,0,0,0,0,0,0,0,0,0,5,0,0,15,280,30,0,0,0,0,50,10,30,5,0,0,15,45,0,0,0,0,0,0,0,445,95,15,70,0,85,30,0,0,0,0,0,0,0,5,40,5,0,0,0,0,20,25,0,0,0,0,40,0,0,0,0,15,0,0,0,0,0,25,0,35,0,0,0,0,85,0,20,0,0,0,0,70,10,0,0,0,0,0,40,0,50,0,200,0,0,215,40,30,0,0,0,0,40,0,0,0,0,0,0,25,0,25,180,5,5
2000105,PD_65OV_RES-IND_PERM,Physical Disability,65+,Independent Residential Care,PERM,0,325,305,415,275,235,645,170,320,410,355,690,320,510,590,370,700,710,300,460,670,0,1170,835,545,525,0,110,400,0,745,465,655,225,465,380,300,365,280,0,625,245,530,150,170,2340,295,370,255,290,765,725,330,635,55,185,305,425,870,230,195,660,560,255,1765,600,1040,240,845,240,70,1090,380,1930,1940,0,785,210,480,135,20,30,85,20,140,115,30,415,205,605,190,85,350,130,170,115,0,200,150,95,120,215,220,180,110,5,190,310,150,205,115,160,180,165,180,185,235,130,60,65,170,130,145,90,55,90,215,710,865,585,260,180,1150,135,110,850,250,540,175,1740,145,955,315,875,0,145,250,270,160,955,310,205
2000106,PD_65OV_NUR_PERM,Physical Disability,65+,Nursing Care,PERM,5,150,140,210,190,75,245,40,80,95,100,280,75,90,145,105,390,295,110,175,455,0,125,35,25,40,0,205,60,0,305,75,120,90,170,95,205,125,125,0,355,210,335,55,180,725,45,90,255,285,300,655,130,260,55,120,160,175,585,180,180,520,440,140,700,200,565,240,180,60,20,445,135,835,300,0,350,85,495,120,50,50,100,75,150,125,20,5,15,340,55,30,105,125,150,70,0,135,85,155,180,205,90,235,155,5,150,165,140,100,140,255,150,100,80,150,145,125,105,95,165,110,80,90,75,95,100,680,625,220,80,40,1450,115,170,690,240,440,115,1120,125,425,275,815,0,250,385,150,225,255,70,40
2000113,PD_65OV_RES-LA_TEMP,Physical Disability,65+,Local Authority Residential Care,TEMP,0,0,45,25,20,0,0,0,0,0,5,25,0,0,0,5,0,95,0,5,20,0,5,25,0,30,0,5,10,0,0,25,0,20,0,0,20,0,0,0,0,0,0,15,5,40,5,30,40,15,0,15,25,75,0,0,0,70,30,5,0,50,0,0,0,0,55,50,0,5,0,25,5,0,0,0,0,0,0,0,5,0,0,0,0,0,0,0,0,0,0,0,0,0,0,20,0,15,0,0,0,0,0,0,5,0,0,0,0,0,0,10,0,5,0,0,0,0,0,0,0,0,0,0,0,0,40,20,0,10,0,0,15,25,10,65,15,0,0,120,0,0,0,0,0,0,30,0,0,80,0,0
2000114,PD_65OV_RES-IND_TEMP,Physical Disability,65+,Independent Residential Care,TEMP,0,5,15,20,75,10,40,50,35,25,90,90,10,5,0,45,25,0,5,10,40,0,65,60,30,40,0,0,5,0,50,10,5,15,40,15,25,30,25,0,25,5,45,10,10,180,15,15,20,0,40,25,30,30,10,5,15,5,95,0,20,30,10,65,415,110,50,10,20,10,25,90,15,70,130,0,105,15,10,0,0,0,0,0,0,5,0,20,10,25,20,0,15,10,30,0,0,0,0,5,10,15,5,5,10,0,5,20,5,0,0,15,25,5,15,10,10,20,0,0,20,15,5,5,5,0,30,75,5,40,5,5,20,0,10,50,15,25,10,95,5,0,50,55,0,5,0,35,5,30,15,30
2000115,PD_65OV_NUR_TEMP,Physical Disability,65+,Nursing Care,TEMP,0,0,10,5,0,0,0,5,5,0,15,15,0,0,0,10,5,0,0,0,15,0,0,0,0,0,0,0,5,0,5,0,0,0,20,5,10,10,10,0,5,5,15,0,0,25,0,0,55,0,5,35,10,0,5,0,10,0,45,0,10,15,5,30,45,15,5,10,0,5,0,10,5,10,25,0,35,15,15,0,0,0,0,0,5,0,0,0,0,0,0,0,0,5,20,5,0,10,0,0,0,15,0,0,0,0,5,0,0,5,5,20,15,5,10,0,5,0,0,0,10,10,25,5,0,0,15,0,0,5,0,0,40,0,5,35,10,85,5,65,0,0,0,10,0,0,10,10,5,5,5,0
2000204,LD_65OV_RES-LA_PERM,Learning Disability,65+,Local Authority Residential Care,PERM,5,5,0,0,0,0,0,0,0,0,0,0,0,0,5,5,0,0,0,0,0,0,5,0,0,0,0,0,0,0,0,0,0,0,0,0,0,0,0,0,0,0,0,0,0,0,0,0,0,0,0,5,0,0,0,0,0,5,10,0,0,0,0,5,0,0,10,5,0,0,0,0,10,0,0,0,0,0,0,0,0,0,0,0,0,0,0,0,0,0,0,0,0,0,0,0,0,0,0,0,0,0,0,0,0,0,0,0,0,0,0,0,0,0,0,5,0,10,5,0,0,0,0,5,0,0,5,0,15,5,5,0,0,0,0,5,0,0,0,0,0,0,0,10,0,0,5,0,0,0,0,0
2000205,LD_65OV_RES-IND_PERM,Learning Disability,65+,Independent Residential Care,PERM,30,70,25,15,20,15,35,0,20,5,15,70,15,15,30,5,45,25,15,25,50,0,60,30,25,20,0,15,10,0,15,10,5,10,10,5,10,5,10,0,40,5,30,5,10,65,5,15,10,15,50,145,5,45,30,30,15,25,50,55,20,50,35,10,70,60,60,25,65,60,0,70,30,150,125,25,70,15,30,5,5,15,20,15,10,15,100,20,20,45,10,20,10,10,15,10,0,15,0,30,25,20,20,35,20,0,5,40,30,90,25,50,45,30,20,30,20,30,35,10,15,25,30,35,35,40,15,0,50,25,15,5,80,25,30,95,50,40,15,155,20,70,50,25,0,10,85,40,75,125,35,30
2000206,LD_65OV_NUR_PERM,Learning Disability,65+,Nursing Care,PERM,0,5,0,5,0,0,0,0,5,0,0,15,5,0,5,10,15,10,0,5,10,0,5,0,0,0,0,0,0,0,0,0,5,0,0,5,0,0,0,0,10,5,10,0,5,5,0,0,5,5,0,15,5,5,15,0,0,10,5,25,0,10,5,0,15,0,30,15,0,5,0,15,10,15,5,10,0,0,5,0,0,0,0,0,0,0,0,0,0,5,0,0,5,0,0,5,0,5,0,0,0,0,0,5,0,0,0,0,0,55,5,5,0,5,0,0,5,5,5,5,0,5,5,0,5,0,0,0,5,5,0,0,5,0,5,15,0,5,5,5,5,0,0,5,0,0,20,10,15,10,0,0
2000213,LD_65OV_RES-LA_TEMP,Learning Disability,65+,Local Authority Residential Care,TEMP,0,0,0,0,0,0,0,0,0,0,0,0,0,0,0,0,0,0,0,0,0,0,0,0,0,0,0,0,0,0,0,0,0,0,0,0,0,0,0,0,0,0,0,0,0,0,0,0,0,0,0,0,0,0,0,0,0,0,0,0,0,0,0,0,0,0,0,0,0,0,0,0,0,0,0,0,0,0,0,0,0,0,0,0,0,0,0,0,0,0,0,0,0,0,0,0,0,0,0,0,0,0,0,0,0,0,0,0,0,0,0,0,0,0,0,0,0,0,0,0,0,0,0,0,0,0,0,0,0,0,0,0,0,0,0,0,0,0,0,0,0,0,0,0,0,0,0,0,0,0,0,0
2000214,LD_65OV_RES-IND_TEMP,Learning Disability,65+,Independent Residential Care,TEMP,0,0,0,0,0,0,0,0,0,0,0,5,0,0,0,0,0,0,0,0,0,0,0,0,0,0,0,0,0,0,0,0,0,0,0,0,0,0,0,0,0,0,0,0,0,5,0,0,0,0,5,5,0,0,0,0,0,0,0,0,0,0,0,0,0,0,0,0,0,0,0,0,0,0,0,0,5,0,0,0,0,0,0,0,0,0,0,0,0,0,0,0,0,0,0,0,0,0,0,0,0,0,0,0,0,0,0,0,0,0,0,0,0,0,0,0,0,0,0,0,0,0,0,0,0,0,0,0,0,0,0,0,0,0,0,0,0,0,0,0,0,0,0,0,0,0,0,0,0,0,0,0
2000215,LD_65OV_NUR_TEMP,Learning Disability,65+,Nursing Care,TEMP,0,0,0,0,0,0,0,0,0,0,0,0,0,0,0,0,0,0,0,0,0,0,0,0,0,0,0,0,0,0,0,0,0,0,0,0,0,0,0,0,0,0,0,0,0,0,0,0,0,0,0,0,0,0,0,0,0,0,0,0,0,0,0,0,0,0,0,0,0,0,0,0,0,0,0,0,0,0,0,0,0,0,0,0,0,0,0,0,0,0,0,0,0,0,0,0,0,0,0,0,0,0,0,0,0,0,0,0,0,0,0,0,0,0,0,0,0,0,0,0,0,0,0,0,0,0,0,0,0,0,0,0,0,0,0,0,0,0,0,0,0,0,0,0,0,0,0,0,0,0,0,0
2000304,MH_65OV_RES-LA_PERM,Mental Health,65+,Local Authority Residential Care,PERM,0,0,0,0,0,10,0,0,0,0,0,5,0,0,30,25,0,30,0,25,60,0,0,10,0,0,0,20,5,0,0,0,0,0,0,0,0,15,0,0,0,5,0,0,5,80,0,0,0,0,0,35,15,0,5,0,0,0,40,10,0,0,0,0,0,0,55,20,10,70,0,50,50,0,0,0,0,0,0,0,25,55,5,0,0,0,0,5,0,0,0,0,0,15,0,0,0,0,0,0,0,0,0,0,20,0,0,0,0,0,0,10,0,25,0,0,0,0,15,5,0,0,0,0,0,25,0,100,10,30,0,0,65,50,50,0,10,0,0,15,0,0,0,0,0,0,25,0,25,100,0,0
2000305,MH_65OV_RES-IND_PERM,Mental Health,65+,Independent Residential Care,PERM,25,505,270,225,155,290,120,125,230,155,195,930,120,185,210,220,305,335,105,235,455,0,35,225,25,55,0,40,210,0,135,200,5,310,180,285,55,320,140,0,330,135,190,75,115,665,150,285,270,260,335,430,205,60,115,90,105,110,380,370,140,215,65,35,140,930,310,100,455,305,10,730,240,135,855,0,660,90,110,185,60,65,45,60,5,20,105,125,75,200,30,90,105,55,105,85,0,75,0,165,145,50,45,15,75,10,45,130,60,40,190,55,95,135,110,25,130,105,15,40,25,95,145,120,60,55,350,520,715,195,285,140,365,60,175,305,235,220,130,955,225,40,620,145,0,100,195,270,110,565,285,205
2000306,MH_65OV_NUR_PERM,Mental Health,65+,Nursing Care,PERM,5,95,110,105,85,80,65,70,80,65,90,335,35,45,55,80,135,105,35,80,235,0,0,5,0,15,0,35,50,0,65,40,5,80,85,55,50,125,55,0,165,65,120,35,140,275,35,40,285,230,90,310,50,25,70,55,50,50,250,170,85,130,30,20,70,360,195,65,95,65,0,330,75,30,80,0,220,30,105,55,80,80,40,50,0,20,10,0,0,135,20,25,40,25,45,25,0,45,0,125,90,40,15,35,60,5,0,45,35,10,110,45,65,40,25,25,45,70,10,25,20,50,55,80,40,20,50,560,240,50,45,35,285,70,110,160,115,100,60,230,65,30,490,105,0,135,200,135,115,150,45,20
2000313,MH_65OV_RES-LA_TEMP,Mental Health,65+,Local Authority Residential Care,TEMP,0,0,30,0,0,0,0,0,0,0,0,0,0,0,0,0,0,15,0,0,5,0,0,0,0,0,0,0,5,0,0,0,0,5,0,0,0,0,0,0,0,0,0,0,5,5,0,0,20,35,0,0,5,0,0,0,0,10,5,15,0,0,0,0,0,0,10,5,0,5,0,0,0,0,0,0,0,0,0,0,0,0,0,0,0,0,0,0,0,0,0,0,0,0,0,5,0,0,0,0,0,0,0,0,5,0,0,0,0,0,0,0,0,0,0,0,0,0,0,0,0,0,0,0,0,0,0,15,0,0,0,0,0,5,5,5,10,0,0,5,0,0,0,0,0,0,5,0,0,10,0,0
2000314,MH_65OV_RES-IND_TEMP,Mental Health,65+,Independent Residential Care,TEMP,0,10,10,10,20,10,5,10,15,5,35,70,10,5,10,5,15,0,5,0,15,0,0,10,0,10,0,0,5,0,10,0,0,20,25,20,0,15,10,0,5,10,10,0,0,20,0,10,40,0,15,5,10,0,15,0,5,0,20,5,0,5,0,5,20,50,10,5,10,15,10,25,5,0,70,0,65,0,5,0,0,0,0,0,0,0,0,0,0,5,0,0,5,0,5,0,0,0,0,30,15,0,0,45,0,0,0,5,0,0,0,10,5,0,35,0,5,15,0,0,5,5,10,5,0,0,55,20,5,10,0,0,0,0,5,10,5,10,5,35,0,0,40,0,0,5,0,0,0,15,15,10
2000315,MH_65OV_NUR_TEMP,Mental Health,65+,Nursing Care,TEMP,0,0,0,0,0,0,0,0,0,0,10,10,0,0,0,5,0,0,0,0,5,0,0,0,0,0,0,0,0,0,0,0,0,0,5,0,0,5,0,0,0,0,5,0,0,0,0,0,25,0,0,5,5,0,0,0,0,0,5,0,5,0,0,0,0,10,0,0,0,0,0,5,0,0,0,0,20,5,5,0,5,0,0,5,0,0,0,0,0,0,0,0,0,5,5,0,0,0,0,10,0,0,0,0,0,0,0,0,0,0,0,5,0,0,10,0,0,0,0,0,0,5,20,0,0,0,5,0,0,0,0,0,5,0,0,0,5,5,0,5,0,0,0,0,0,0,0,0,5,5,0,5
2000404,SM_65OV_RES-LA_PERM,Substance Misuse,65+,Local Authority Residential Care,PERM,0,0,0,0,0,0,0,0,0,0,0,0,0,0,5,0,0,0,0,0,5,0,0,0,0,0,0,10,0,0,0,0,0,0,0,0,0,0,0,0,0,0,0,0,0,5,0,0,0,0,0,10,0,0,0,0,0,0,0,0,0,0,0,0,0,0,10,0,0,0,0,0,5,0,0,0,0,0,0,0,0,0,0,0,0,0,0,0,0,0,0,0,0,0,0,0,0,0,0,0,0,0,0,0,5,0,0,0,0,0,0,0,0,10,0,0,0,0,0,0,0,0,0,0,0,0,0,0,0,0,0,0,25,0,0,0,0,0,0,0,0,0,0,0,0,0,0,0,0,5,0,0
2000405,SM_65OV_RES-IND_PERM,Substance Misuse,65+,Independent Residential Care,PERM,0,0,15,25,5,5,0,0,0,0,5,0,5,30,45,0,25,15,0,10,40,0,0,0,0,0,0,10,10,0,5,0,0,15,5,5,0,5,0,0,0,0,25,5,5,50,0,15,15,5,5,145,0,0,10,20,10,10,15,15,0,5,5,0,10,0,25,5,0,10,0,15,30,0,20,0,0,5,0,0,0,0,0,0,0,0,0,0,5,110,0,150,45,0,5,0,0,0,0,0,0,5,10,0,15,0,0,15,0,5,5,0,0,20,0,0,0,0,0,5,0,0,0,0,0,5,0,0,15,0,0,0,75,0,5,30,10,25,0,0,0,5,0,20,0,0,5,0,0,10,30,0
2000406,SM_65OV_NUR_PERM,Substance Misuse,65+,Nursing Care,PERM,0,0,0,5,0,0,0,0,0,0,0,0,0,5,5,0,10,5,0,0,25,0,0,0,0,0,0,5,0,0,0,0,0,5,0,0,0,0,0,0,0,0,15,5,0,10,0,5,20,5,0,90,0,0,5,10,0,0,10,5,0,5,5,0,10,0,25,5,0,0,0,10,10,0,5,0,0,0,5,0,0,0,0,0,0,0,0,0,0,60,0,0,15,0,5,0,0,0,0,0,0,5,5,0,10,0,0,5,0,0,0,5,0,10,5,0,0,0,0,0,0,0,0,0,0,0,0,0,5,0,0,0,75,0,5,10,5,5,0,0,0,0,0,15,0,0,5,0,0,0,5,0
2000413,SM_65OV_RES-LA_TEMP,Substance Misuse,65+,Local Authority Residential Care,TEMP,0,0,5,0,0,0,0,0,0,0,0,0,0,0,0,0,0,0,0,0,0,0,0,0,0,0,0,0,0,0,0,0,0,0,0,0,0,0,0,0,0,0,0,0,0,0,0,0,0,0,0,0,0,0,0,0,0,5,0,0,0,5,0,0,0,0,0,5,0,0,0,0,0,0,0,0,0,0,0,0,0,0,0,0,0,0,0,0,0,0,0,0,0,0,0,0,0,0,0,0,0,0,0,0,0,0,0,0,0,0,0,0,0,0,0,0,0,0,0,0,0,0,0,0,0,0,0,0,0,0,0,0,0,0,0,0,0,0,0,0,0,0,0,0,0,0,0,0,0,0,0,0
2000414,SM_65OV_RES-IND_TEMP,Substance Misuse,65+,Independent Residential Care,TEMP,0,0,0,0,0,0,0,0,0,0,5,0,0,0,0,0,5,0,0,0,0,0,0,0,0,0,0,0,0,0,0,0,0,0,0,0,0,0,0,0,0,0,5,0,0,15,0,5,0,0,0,0,0,0,0,0,0,0,5,0,0,0,0,0,10,0,0,0,0,0,0,0,0,0,0,0,0,0,0,0,0,0,0,0,0,0,0,0,0,5,0,0,0,0,0,0,0,0,0,0,0,0,0,0,5,0,0,0,0,0,0,0,0,0,0,0,0,0,0,0,0,0,0,0,0,0,0,0,0,0,0,0,0,0,0,0,0,0,0,0,0,0,0,5,0,0,0,0,0,0,5,0
2000415,SM_65OV_NUR_TEMP,Substance Misuse,65+,Nursing Care,TEMP,0,0,0,0,0,0,0,0,0,0,0,0,0,0,0,0,0,0,0,0,0,0,0,0,0,0,0,0,0,0,0,0,0,0,0,0,0,0,0,0,0,0,0,0,0,0,0,0,5,0,0,5,0,0,0,0,0,0,0,0,0,0,0,0,0,0,0,0,0,0,0,0,0,0,0,0,0,0,0,0,0,0,0,0,0,0,0,0,0,5,0,0,0,0,0,0,0,0,0,0,0,0,0,0,0,0,0,0,0,0,0,0,0,0,0,0,0,0,0,0,0,0,0,0,0,0,0,0,0,0,0,0,0,0,0,0,0,0,0,0,0,0,0,0,0,0,0,0,0,0,0,0
2000501,UK_65OV_RES-LA_PERM,Unknown,65+,Local Authority Residential Care,PERM,455,0,0,0,0,0,0,0,0,0,0,0,0,0,0,0,0,0,0,0,0,35,0,0,0,0,150,0,0,5,0,0,0,0,0,0,0,0,0,5,0,0,0,0,0,0,0,0,0,0,0,0,0,0,5,0,0,0,0,0,0,0,0,0,0,0,0,0,0,0,0,0,0,0,0,0,0,0,0,0,0,0,0,0,0,0,0,0,0,0,0,0,0,0,0,0,0,0,0,0,0,0,0,0,0,0,0,0,0,0,0,0,0,0,0,0,0,0,25,0,0,0,0,0,0,0,0,0,0,0,0,0,0,5,0,0,0,0,0,0,0,0,0,0,0,0,0,0,0,0,0,0
2000502,UK_65OV_RES-IND_PERM,Unknown,65+,Independent Residential Care,PERM,760,0,0,10,0,0,0,0,0,0,0,0,0,0,0,0,0,0,0,0,0,675,0,0,0,0,945,0,0,490,0,0,0,0,0,0,0,0,0,1320,0,0,0,0,0,0,0,0,0,0,0,0,0,0,315,0,0,0,0,0,0,0,0,0,0,0,0,0,5,0,0,0,0,0,0,610,10,0,0,0,0,0,0,0,0,0,3260,0,0,0,0,0,0,0,0,0,125,0,0,0,0,0,0,5,0,0,0,0,5,0,0,0,0,0,0,0,0,0,10,0,0,0,0,0,0,0,0,0,0,0,0,0,0,0,0,0,0,0,0,5,0,0,85,0,0,0,0,0,0,0,0,15
2000503,UK_65OV_NUR_PERM,Unknown,65+,Nursing Care,PERM,410,0,0,0,0,0,0,0,0,0,0,0,0,0,0,0,0,0,0,0,0,155,0,0,0,0,570,0,0,75,0,0,0,0,0,0,0,0,0,530,0,0,0,10,0,0,0,0,0,0,0,0,0,0,255,0,0,0,0,0,0,0,0,0,0,0,0,0,0,0,0,0,0,0,0,780,15,0,0,0,0,0,0,0,0,0,465,0,0,0,0,45,0,0,0,0,235,0,0,0,0,0,0,5,0,0,0,0,5,0,0,0,0,0,0,0,0,0,20,0,0,0,0,0,0,0,0,0,0,0,0,0,0,0,0,0,0,0,0,5,0,0,60,0,0,0,0,0,0,0,0,5
2000504,UK_65OV_RES-LA_TEMP,Unknown,65+,Local Authority Residential Care,TEMP,20,0,0,0,0,0,0,0,0,0,0,0,0,0,0,0,0,0,0,0,0,45,0,0,0,0,35,0,0,15,0,0,0,0,0,0,0,0,0,0,0,0,0,0,0,0,0,0,0,0,0,0,0,0,0,0,0,0,0,0,0,0,0,0,0,0,0,0,0,0,0,0,0,0,0,0,0,0,0,0,0,0,0,0,0,0,0,0,0,0,0,0,0,0,0,0,0,0,0,0,0,0,0,0,0,0,0,0,0,0,0,0,0,0,0,0,0,0,0,0,0,0,0,0,0,0,0,0,0,0,0,0,0,0,0,0,0,0,0,5,0,0,0,0,0,0,0,0,0,0,0,0
2000505,UK_65OV_RES-IND_TEMP,Unknown,65+,Independent Residential Care,TEMP,20,0,0,5,0,0,0,0,0,0,0,0,0,0,0,0,0,0,0,0,0,20,0,0,0,0,35,0,0,5,0,0,0,0,0,0,0,0,0,30,0,0,0,0,0,0,0,0,0,0,0,0,0,0,75,0,0,0,0,0,0,0,0,0,0,0,0,0,0,0,0,0,0,0,0,55,0,0,0,0,0,0,0,0,0,0,25,0,0,0,0,0,0,0,0,0,10,0,0,0,0,0,0,0,0,0,0,0,0,0,0,0,0,0,0,0,0,0,0,0,0,0,0,0,0,0,0,0,0,0,0,0,0,0,0,0,0,0,0,0,0,0,10,0,0,0,0,0,0,0,0,0
2000506,UK_65OV_NUR_TEMP,Unknown,65+,Nursing Care,TEMP,5,0,0,0,0,0,0,0,0,0,0,0,0,0,0,0,0,0,0,0,0,0,0,0,0,0,15,0,0,0,0,0,0,0,0,0,0,0,0,5,0,0,0,0,0,0,0,0,0,0,0,0,0,0,75,0,0,0,0,0,0,0,0,0,0,0,0,0,0,0,0,0,0,0,0,65,5,0,0,0,0,0,0,0,0,0,0,0,0,0,0,0,0,0,0,0,15,0,0,0,0,0,0,0,0,0,0,0,0,0,0,0,0,0,0,0,0,0,0,0,0,0,0,0,0,0,0,0,0,0,0,0,0,0,0,0,0,0,0,0,0,0,0,0,0,0,0,0,0,0,0,0
2000602,PD_65OV_APL_PERM,Physical Disability,65+,Adult Placement,PERM,0,0,0,0,0,0,0,0,0,0,0,0,0,0,0,0,0,0,0,0,0,0,10,0,0,0,0,0,5,0,0,0,0,0,0,0,0,0,0,0,0,0,5,0,0,0,0,0,0,0,0,0,5,0,0,0,0,0,0,0,5,5,0,0,0,0,0,0,0,0,0,0,0,0,0,0,0,0,0,0,0,0,0,0,0,0,0,0,0,0,0,0,0,0,0,0,0,0,0,0,0,0,0,0,0,0,0,0,0,5,255,0,0,0,0,0,0,5,0,5,0,0,0,0,0,0,0,0,0,5,0,0,10,5,0,0,0,0,0,0,0,5,0,1685,0,0,0,0,0,0,0,0
2000605,PD_65OV_APL_TEMP,Physical Disability,65+,Adult Placement,TEMP,0,0,0,0,0,0,0,0,0,0,0,0,0,0,0,0,0,0,0,0,0,0,0,0,0,0,0,0,35,0,0,0,0,0,0,0,0,0,0,0,0,0,0,0,0,0,0,0,0,35,0,0,0,0,0,0,0,0,5,0,0,0,0,0,0,0,0,0,0,0,0,0,0,0,0,0,0,0,0,0,0,0,0,0,0,0,0,0,0,0,0,0,0,0,0,0,0,0,0,0,0,0,0,0,0,0,0,0,0,0,5,0,0,0,0,0,0,0,0,0,0,0,0,0,0,0,0,0,0,0,0,0,0,0,0,0,0,0,0,0,0,0,0,65,0,0,0,0,0,0,0,0
2000702,LD_65OV_APL_PERM,Learning Disability,65+,Adult Placement,PERM,0,10,0,0,0,5,0,0,0,0,0,10,0,0,0,0,5,5,0,5,0,0,0,0,0,0,0,5,10,0,5,5,0,0,0,5,0,0,0,0,0,0,0,0,0,15,5,0,0,0,0,5,5,0,0,0,0,0,0,0,5,10,0,0,5,10,5,0,0,5,0,5,5,0,0,10,0,0,0,0,0,0,0,0,0,0,0,5,0,0,0,0,0,0,5,0,0,0,0,5,0,0,0,5,0,0,0,0,0,5,30,15,0,5,0,5,0,5,0,0,0,0,0,0,10,0,0,10,25,5,5,5,25,5,5,5,10,0,0,10,5,15,0,45,0,0,5,0,0,20,0,5
2000705,LD_65OV_APL_TEMP,Learning Disability,65+,Adult Placement,TEMP,0,0,0,0,0,0,0,0,0,0,0,0,0,0,0,0,0,0,0,5,5,0,0,0,0,0,0,0,5,0,0,0,0,0,0,0,0,0,0,0,0,0,0,0,0,0,0,0,0,0,0,0,0,0,0,0,5,0,5,0,0,0,0,0,0,0,0,5,0,0,0,0,0,0,0,0,0,0,0,0,0,0,0,0,0,0,0,0,0,0,0,0,0,0,0,0,0,0,0,0,0,0,0,0,0,0,0,0,0,0,0,0,0,0,0,0,0,0,0,0,0,0,0,0,0,0,0,0,0,0,0,0,0,0,0,0,0,5,0,0,0,0,0,0,0,0,0,0,0,0,0,0
2000802,MH_65OV_APL_PERM,Mental Health,65+,Adult Placement,PERM,0,0,0,0,0,0,0,0,0,0,0,0,0,0,0,0,0,5,0,0,0,0,0,0,0,0,0,0,0,0,0,5,0,0,0,0,0,0,0,0,0,0,0,0,0,0,0,0,0,0,0,0,0,0,0,0,0,0,0,0,5,0,0,0,0,0,0,0,0,0,0,0,0,0,0,0,0,0,0,0,0,0,0,0,0,0,0,0,0,0,0,0,0,0,0,0,0,0,0,0,0,0,0,0,0,0,0,0,0,5,305,10,0,0,5,0,0,0,0,0,10,0,0,0,0,0,0,0,0,0,0,0,5,0,0,5,5,0,0,0,0,0,0,250,0,0,5,0,0,5,0,0
2000805,MH_65OV_APL_TEMP,Mental Health,65+,Adult Placement,TEMP,0,0,0,0,0,0,0,0,0,0,0,0,0,0,0,0,0,0,0,0,0,0,0,0,0,0,0,0,10,0,0,0,0,0,0,0,0,0,0,0,0,0,0,0,0,0,0,0,0,15,0,0,0,0,0,0,0,0,0,0,0,0,0,0,0,0,0,0,0,0,0,0,0,0,0,0,0,0,0,0,0,0,0,0,0,0,0,0,0,0,0,0,0,0,0,0,0,0,0,0,0,0,0,0,0,0,0,0,0,0,5,0,0,0,0,0,0,0,0,0,0,0,0,0,0,0,0,0,0,0,0,0,0,0,0,0,0,5,0,0,0,0,0,5,0,0,0,0,0,0,0,0
2000902,SM_65OV_APL_PERM,Substance Misuse,65+,Adult Placement,PERM,0,0,0,0,0,0,0,0,0,0,0,0,0,0,0,0,0,0,0,0,0,0,0,0,0,0,0,0,0,0,0,0,0,0,0,0,0,0,0,0,0,0,0,0,0,0,0,0,0,0,0,0,0,0,0,0,0,0,0,0,0,0,0,0,0,0,0,0,0,0,0,0,0,0,0,0,0,0,0,0,0,0,0,0,0,0,0,0,0,0,0,0,0,0,0,0,0,0,0,0,0,0,0,0,0,0,0,0,0,0,5,0,0,0,0,0,0,0,0,0,0,0,0,0,0,0,0,0,0,0,0,0,0,0,0,0,0,0,0,0,0,0,0,35,0,0,0,0,0,0,0,0
2000905,SM_65OV_APL_TEMP,Substance Misuse,65+,Adult Placement,TEMP,0,0,0,0,0,0,0,0,0,0,0,0,0,0,0,0,0,0,0,0,0,0,0,0,0,0,0,0,0,0,0,0,0,0,0,0,0,0,0,0,0,0,0,0,0,0,0,0,0,0,0,0,0,0,0,0,0,0,0,0,0,0,0,0,0,0,0,0,0,0,0,0,0,0,0,0,0,0,0,0,0,0,0,0,0,0,0,0,0,0,0,0,0,0,0,0,0,0,0,0,0,0,0,0,0,0,0,0,0,0,0,0,0,0,0,0,0,0,0,0,0,0,0,0,0,0,0,0,0,0,0,0,0,0,0,0,0,0,0,0,0,0,0,5,0,0,0,0,0,0,0,0
2001101,UK_65OV_APL_PERM,Unknown,65+,Adult Placement,PERM,0,0,0,0,0,0,0,0,0,0,0,0,0,0,0,0,0,0,0,0,0,5,0,0,0,0,15,0,0,0,0,0,0,0,0,0,0,0,0,5,0,0,0,0,0,0,0,0,0,0,0,0,0,0,0,0,0,0,0,0,0,0,0,0,0,0,0,0,0,0,0,0,0,0,0,0,0,0,0,0,0,0,0,0,0,0,0,0,0,0,0,0,0,0,0,0,0,0,0,0,0,0,0,0,0,0,0,0,0,0,0,0,0,0,0,0,0,0,0,0,0,0,0,0,0,0,0,0,0,0,0,0,0,0,0,0,0,0,0,0,0,0,0,0,0,0,0,0,0,0,0,0
2001102,UK_65OV_APL_TEMP,Unknown,65+,Adult Placement,TEMP,0,0,0,0,0,0,0,0,0,0,0,0,0,0,0,0,0,0,0,25,0,0,0,0,0,0,0,0,0,0,0,0,0,0,0,0,0,0,0,0,0,0,0,0,0,0,0,0,0,0,0,0,0,0,0,0,0,0,0,0,0,0,0,0,0,0,0,0,0,0,0,0,0,0,0,0,0,0,0,0,0,0,0,0,0,0,0,0,0,0,0,0,0,0,0,0,0,0,0,0,0,0,0,0,0,0,0,0,0,0,0,0,0,0,0,0,0,0,0,0,0,0,0,0,0,0,0,0,0,0,0,0,0,0,0,0,0,0,0,0,0,0,0,0,0,0,0,0,0,0,0,0
2001604,PD_65OV_RES-LA_PERM,Physical Disability,65+,Local Authority Residential Care,PERM,0,0,0,0,0,0,0,0,0,0,0,10,0,0,20,5,0,0,5,0,45,0,10,0,0,0,0,70,0,0,0,0,0,0,0,0,10,0,0,0,0,0,0,0,0,120,5,0,5,0,0,20,5,5,0,0,0,0,35,5,0,0,0,0,0,0,125,25,5,25,0,20,10,0,0,0,0,0,0,0,5,20,5,0,0,0,0,5,10,0,0,0,0,10,0,0,0,0,5,0,0,0,0,0,5,0,5,0,0,0,0,30,0,10,0,0,0,0,20,0,0,0,0,0,0,15,0,5,0,55,0,0,100,35,15,0,0,0,0,15,0,0,0,0,0,0,10,0,15,50,0,0
2001605,PD_65OV_RES-IND_PERM,Physical Disability,65+,Independent Residential Care,PERM,0,105,90,160,115,65,295,60,135,135,170,235,100,190,220,165,230,245,115,185,240,0,475,275,195,165,0,70,240,0,245,150,220,105,215,110,130,210,105,0,210,105,295,65,90,1015,130,125,115,155,290,365,140,275,20,95,115,170,515,125,100,315,235,125,660,200,505,70,510,105,30,445,130,745,965,220,300,55,275,60,10,10,55,10,70,60,5,180,85,295,90,30,110,35,60,15,0,60,15,55,40,70,55,50,20,0,90,120,45,75,65,60,55,65,50,60,110,35,5,20,50,45,45,20,15,15,90,410,405,285,125,115,530,45,55,345,80,260,80,815,60,400,165,340,0,80,100,210,95,465,125,100
2001606,PD_65OV_NUR_PERM,Physical Disability,65+,Nursing Care,PERM,5,60,95,80,80,35,125,25,50,40,25,80,30,25,55,40,165,110,65,80,140,0,50,10,5,10,0,100,35,0,75,35,25,40,80,15,100,80,40,0,115,105,125,25,90,315,25,45,125,110,130,365,75,130,20,70,60,75,315,75,95,265,225,30,290,105,245,70,150,30,10,165,5,400,210,320,130,35,240,55,25,35,25,20,60,80,0,0,10,210,40,15,45,50,80,25,0,45,20,105,65,75,35,85,55,5,10,70,75,55,90,80,40,50,20,35,75,30,15,45,60,35,25,30,40,45,50,595,280,110,45,30,635,85,105,310,110,195,85,525,75,205,165,300,0,135,160,85,150,120,30,20
2001704,LD_65OV_RES-LA_PERM,Learning Disability,65+,Local Authority Residential Care,PERM,0,0,0,0,0,0,0,0,0,0,0,0,0,0,0,0,0,0,0,0,0,0,0,0,0,0,0,0,0,0,0,0,0,0,0,0,0,0,0,0,0,0,0,0,0,0,0,0,0,0,0,0,0,0,0,0,0,0,0,0,0,0,0,0,0,0,0,0,0,0,0,0,0,0,0,0,0,0,0,0,0,0,0,0,0,0,0,0,0,0,0,0,0,0,0,0,0,0,0,0,0,0,0,0,0,0,0,0,0,0,0,0,0,0,0,0,0,0,0,0,0,0,0,0,0,0,0,0,0,0,0,0,0,0,0,0,0,0,0,0,0,0,0,0,0,0,0,0,0,0,0,0
2001705,LD_65OV_RES-IND_PERM,Learning Disability,65+,Independent Residential Care,PERM,0,0,0,0,0,0,0,0,0,0,0,20,0,5,5,0,5,0,0,0,5,0,0,0,0,0,0,0,0,0,0,0,0,0,0,0,0,0,0,0,0,0,0,0,5,5,5,0,0,5,0,5,0,0,0,0,0,0,0,5,0,0,0,0,5,0,0,0,5,0,0,0,0,5,5,0,5,0,0,0,0,5,5,0,0,0,0,5,0,5,0,0,0,0,0,0,0,0,0,0,0,0,0,0,0,0,0,0,0,0,0,0,0,0,0,0,0,0,0,0,0,0,0,0,0,0,0,0,5,0,0,0,5,0,0,5,5,5,0,10,0,0,0,0,0,0,5,0,0,5,0,0
2001706,LD_65OV_NUR_PERM,Learning Disability,65+,Nursing Care,PERM,0,0,0,0,0,0,0,0,0,0,0,10,0,0,0,0,0,0,0,0,0,0,0,0,0,0,0,0,0,0,0,0,0,0,0,0,0,0,0,0,0,0,0,0,0,0,0,0,0,0,0,0,0,0,0,0,0,0,0,0,0,0,0,0,0,0,0,5,0,0,0,0,0,0,0,0,0,0,0,0,0,0,0,0,0,0,0,0,0,0,0,0,0,0,0,0,0,0,0,0,0,0,0,0,0,0,0,0,0,5,0,0,0,0,0,0,0,0,0,0,0,0,0,0,0,0,0,0,0,0,0,0,0,0,0,0,0,0,0,0,0,0,0,0,0,0,0,0,5,0,0,0
2001804,MH_65OV_RES-LA_PERM,Mental Health,65+,Local Authority Residential Care,PERM,0,0,0,0,0,0,0,0,0,0,0,0,0,0,15,5,0,0,0,5,20,0,0,0,0,0,0,5,0,0,0,0,0,0,0,0,0,10,0,0,0,0,0,0,0,25,0,0,0,0,0,10,10,0,0,0,0,0,10,5,0,0,0,0,0,0,10,5,5,20,0,10,10,0,0,0,0,0,0,0,5,35,0,0,0,0,0,0,0,0,0,0,0,0,0,0,0,0,0,0,0,0,0,0,5,0,5,0,0,0,0,5,0,10,0,0,0,0,5,0,0,0,0,0,0,5,0,35,5,15,0,0,25,5,25,0,0,0,0,0,0,0,0,0,0,0,10,0,15,20,0,0
2001805,MH_65OV_RES-IND_PERM,Mental Health,65+,Independent Residential Care,PERM,5,150,105,65,55,90,40,45,70,40,65,305,65,70,70,80,125,80,35,75,120,0,15,45,5,40,0,10,85,0,40,45,0,130,80,80,15,95,50,0,115,60,65,25,35,200,50,75,105,150,125,115,100,55,30,40,15,40,140,140,35,85,15,10,45,420,120,40,195,80,5,235,65,20,320,35,325,15,55,70,25,25,20,30,0,5,15,20,25,80,20,25,40,10,25,20,0,15,0,10,20,10,5,5,10,0,20,30,75,5,55,10,15,20,30,5,45,25,0,15,5,10,30,40,5,5,125,125,290,90,130,70,130,15,55,65,45,80,40,410,80,5,340,20,0,50,65,20,50,245,95,65
2001806,MH_65OV_NUR_PERM,Mental Health,65+,Nursing Care,PERM,0,25,40,15,20,35,20,20,20,5,20,55,10,5,25,30,75,15,15,15,60,0,0,0,0,5,0,5,20,0,10,10,0,20,35,10,10,30,10,0,45,15,35,15,30,65,10,15,95,90,30,85,40,15,10,20,10,10,85,55,25,50,15,5,15,155,70,20,55,25,0,85,15,5,45,35,65,0,35,15,25,40,15,20,0,5,0,0,0,50,5,10,20,10,10,5,0,5,0,15,10,5,5,5,15,0,5,15,20,0,35,15,0,10,10,10,20,10,0,10,5,5,10,25,10,5,25,15,95,20,25,15,80,15,45,40,25,30,20,85,30,5,290,15,0,35,55,5,45,65,20,5
2001904,SM_65OV_RES-LA_PERM,Substance Misuse,65+,Local Authority Residential Care,PERM,0,0,0,0,0,0,0,0,0,0,0,0,0,0,0,0,0,0,0,0,5,0,0,0,0,0,0,5,0,0,0,0,0,0,0,0,0,0,0,0,0,0,0,0,0,0,0,0,0,0,0,5,0,0,0,0,0,0,0,0,0,0,0,0,0,0,5,0,0,0,0,0,0,0,0,0,0,0,0,0,0,0,0,0,0,0,0,0,0,0,0,0,0,0,0,0,0,0,0,0,0,0,0,0,0,0,0,0,0,0,0,0,0,5,0,0,0,0,0,0,0,0,0,0,0,0,0,0,0,0,0,0,5,0,0,0,0,0,0,0,0,0,0,0,0,0,0,0,0,0,0,0
2001905,SM_65OV_RES-IND_PERM,Substance Misuse,65+,Independent Residential Care,PERM,0,0,10,5,5,0,0,0,0,0,0,0,0,10,10,0,5,0,0,0,10,0,0,0,0,0,0,0,5,0,0,0,0,5,0,5,0,0,0,0,0,0,10,0,0,55,0,5,10,5,0,25,0,0,5,15,10,5,0,0,0,0,0,0,15,0,15,0,0,5,0,5,20,0,10,0,0,5,0,0,0,0,0,0,0,0,0,0,0,110,0,0,10,0,0,0,0,0,0,0,0,0,5,0,0,0,0,5,0,0,5,0,0,5,0,0,0,0,0,0,0,0,0,0,0,0,0,0,10,0,0,0,45,0,0,5,0,15,0,0,0,0,0,10,0,0,0,0,0,5,15,0
2001906,SM_65OV_NUR_PERM,Substance Misuse,65+,Nursing Care,PERM,0,0,0,0,5,0,0,0,0,0,0,0,0,0,0,0,5,0,0,0,5,0,0,0,0,0,0,0,0,0,0,0,0,5,0,0,0,0,0,0,0,0,10,0,0,10,0,5,5,5,0,25,0,0,0,5,0,0,0,0,0,5,0,0,15,0,10,5,0,0,0,0,0,0,5,0,0,0,5,0,0,0,0,0,0,0,0,0,0,45,0,0,5,0,5,0,0,0,0,0,0,0,0,0,0,0,0,0,0,0,5,0,0,5,0,0,0,0,0,0,0,0,0,0,0,0,0,0,5,0,0,0,30,0,0,0,0,5,0,0,0,0,0,10,0,0,5,0,0,5,5,0
2002101,UK_65OV_RES-LA_PERM,Unknown,65+,Local Authority Residential Care,PERM,180,0,0,0,0,0,0,0,0,0,0,0,0,0,0,0,0,0,0,0,0,10,0,0,0,0,55,0,0,0,0,0,0,0,0,0,0,0,0,0,0,0,0,0,0,0,0,0,0,0,0,0,0,0,0,0,0,0,0,0,0,0,0,0,0,0,0,0,0,0,0,0,0,0,0,0,0,0,0,0,0,0,0,0,0,0,0,0,0,0,0,0,0,0,0,0,0,0,0,0,0,0,0,0,0,0,0,0,0,0,0,0,0,0,0,0,0,0,20,0,0,0,0,0,0,0,0,0,0,0,0,0,0,0,0,0,0,0,0,0,0,0,0,0,0,0,0,0,0,0,0,0
2002102,UK_65OV_RES-IND_PERM,Unknown,65+,Independent Residential Care,PERM,275,0,0,10,0,0,0,0,0,0,0,0,0,0,0,0,0,0,0,0,0,325,0,0,0,0,410,0,0,195,0,0,0,0,0,0,0,0,0,380,0,0,0,0,0,0,0,0,0,0,0,0,0,0,125,5,0,0,5,0,0,0,0,0,0,0,0,0,0,0,0,0,0,0,0,0,50,0,0,0,0,0,0,0,0,0,1465,0,0,0,0,65,0,0,0,0,35,0,0,0,0,0,0,0,0,0,0,0,0,0,0,0,0,0,0,0,0,0,5,0,0,0,0,0,0,0,0,0,0,0,0,0,0,5,0,0,0,0,0,25,0,0,0,0,0,0,0,0,0,0,0,5
2002103,UK_65OV_NUR_PERM,Unknown,65+,Nursing Care,PERM,190,0,0,0,0,0,0,0,0,0,0,0,0,0,0,0,0,0,0,0,0,80,0,0,0,0,215,0,0,30,0,0,0,0,0,0,0,0,0,140,0,0,0,0,0,0,0,0,0,0,0,0,0,0,75,5,0,0,0,0,0,0,0,0,0,0,0,0,0,0,0,0,0,0,0,10,120,0,0,0,0,0,0,0,0,0,195,0,0,0,0,30,0,0,0,0,80,0,0,0,0,0,0,0,0,0,0,0,0,0,0,0,0,0,0,0,0,0,15,0,0,0,0,0,0,0,0,0,0,0,0,0,0,5,0,0,0,0,0,20,0,0,0,0,0,0,0,0,0,0,0,0
2002302,PD_65OV_APL_PERM,Physical Disability,65+,Adult Placement,PERM,0,0,0,0,0,0,0,0,0,0,0,0,0,0,0,0,0,0,0,0,0,0,0,0,0,0,0,0,0,0,0,0,0,0,0,0,0,0,0,0,0,0,0,0,0,0,0,0,0,0,0,0,0,0,0,0,0,0,0,0,0,0,0,0,0,0,0,0,0,0,0,0,0,0,0,0,0,0,0,0,0,0,0,0,0,0,0,0,0,0,0,0,0,0,0,0,0,0,0,0,0,0,0,0,0,0,0,0,0,0,155,0,0,0,0,0,0,0,0,0,0,0,0,0,0,0,0,0,0,0,0,0,0,0,0,0,0,0,0,0,0,0,0,640,0,0,0,0,0,0,0,0
2002402,LD_65OV_APL_PERM,Learning Disability,65+,Adult Placement,PERM,0,0,0,0,0,0,0,0,0,0,0,0,0,0,0,0,0,0,0,0,0,0,0,0,0,0,0,0,0,0,0,0,0,0,0,0,0,0,0,0,0,0,0,0,0,0,0,0,0,0,0,0,0,0,0,0,0,0,0,0,5,0,0,0,0,0,0,0,0,0,0,0,0,0,0,0,0,0,0,0,0,0,0,0,0,0,0,0,0,0,0,0,0,0,0,0,0,0,0,0,0,0,0,0,0,0,0,0,0,0,0,0,0,0,0,0,0,0,0,0,0,0,0,0,0,0,0,0,0,0,0,0,5,0,0,0,0,0,0,0,0,0,0,0,0,0,5,0,0,0,0,0
2002502,MH_65OV_APL_PERM,Mental Health,65+,Adult Placement,PERM,0,0,0,0,0,0,0,0,0,0,0,0,0,0,0,0,0,5,0,0,0,0,0,0,0,0,0,0,0,0,0,0,0,0,0,0,0,0,0,0,0,0,0,0,0,0,0,0,0,0,0,0,0,0,0,0,0,0,0,0,0,0,0,0,0,0,0,0,0,0,0,0,0,0,0,0,0,0,0,0,0,0,0,0,0,0,0,0,0,0,0,0,0,0,0,0,0,0,0,0,0,0,0,0,0,0,0,0,0,0,90,0,0,0,0,0,0,0,0,0,0,0,0,0,0,0,0,0,0,0,0,0,0,0,0,0,0,0,0,0,0,0,0,35,0,0,5,0,0,0,0,0
2002602,SM_65OV_APL_PERM,Substance Misuse,65+,Adult Placement,PERM,0,0,0,0,0,0,0,0,0,0,0,0,0,0,0,0,0,0,0,0,0,0,0,0,0,0,0,0,0,0,0,0,0,0,0,0,0,0,0,0,0,0,0,0,0,0,0,0,0,0,0,0,0,0,0,0,0,0,0,0,0,0,0,0,0,0,0,0,0,0,0,0,0,0,0,0,0,0,0,0,0,0,0,0,0,0,0,0,0,0,0,0,0,0,0,0,0,0,0,0,0,0,0,0,0,0,0,0,0,0,0,0,0,0,0,0,0,0,0,0,0,0,0,0,0,0,0,0,0,0,0,0,0,0,0,0,0,0,0,0,0,0,0,15,0,0,0,0,0,0,0,0
2002701,UK_65OV_APL_PERM,Unknown,65+,Adult Placement,PERM,0,0,0,0,0,0,0,0,0,0,0,0,0,0,0,0,0,0,0,0,0,0,0,0,0,0,0,0,0,0,0,0,0,0,0,0,0,0,0,0,0,0,0,0,0,0,0,0,0,0,0,0,0,0,0,0,0,0,0,0,0,0,0,0,0,0,0,0,0,0,0,0,0,0,0,0,0,0,0,0,0,0,0,0,0,0,0,0,0,0,0,0,0,0,0,0,0,0,0,0,0,0,0,0,0,0,0,0,0,0,0,0,0,0,0,0,0,0,0,0,0,0,0,0,0,0,0,0,0,0,0,0,0,0,0,0,0,0,0,0,0,0,0,0,0,0,0,0,0,0,0,0
