Local Authority,Resident population2011_65+,Resident population2011_85+,CH population2011_65+,CH population2011_85+,% of resident population2011_65+,% of resident population2011_85+,Resident populationPercentage change_65+,Resident populationPercentage change_85+,CH populationPercentage change_65+,CH populationPercentage change_85+,Resident population2001_65+,Resident population2001_85+,CH population2001_65+,CH population2001_85+,% of resident population2001_65+,% of resident population2001_85+,Change in 65+ %,Change in 85+ %,2001 Life Expectancy,2011 Life Expectancy
Hartlepool,"15,598","1,856",698,388,4.5%,20.9%,8.4%,44.0%,26.7%,47.0%,14386,1289,551,264,3.8%,20.5%,0.6%,0.4%,16.3,18.65
Middlesbrough,"20,691","2,465",634,356,3.1%,14.4%,2.9%,32.1%,-27.7%,-12.5%,20109,1866,877,407,4.4%,21.8%,-1.3%,-7.4%,16.55,17.85
Redcar and Cleveland,"26,252","3,113",858,443,3.3%,14.2%,12.8%,32.4%,-3.4%,-0.4%,23263,2351,888,445,3.8%,18.9%,-0.5%,-4.7%,16.95,19.3
Stockton-on-Tees,"29,951","3,481","1,158",586,3.9%,16.8%,13.0%,41.6%,18.3%,17.0%,26495,2459,979,501,3.7%,20.4%,0.2%,-3.5%,16.9,19.18333333
Darlington,"18,439","2,550",790,449,4.3%,17.6%,10.7%,28.5%,-6.4%,3.0%,16655,1984,844,436,5.1%,22.0%,-0.8%,-4.4%,16.6,19.35
County Durham,"92,345","10,827","3,292","1,752",3.6%,16.2%,13.2%,28.3%,0.3%,5.1%,81546,8439,3283,1667,4.0%,19.8%,-0.5%,-3.6%,16.75,18.71666667
Northumberland,"63,304","7,920","2,319","1,383",3.7%,17.5%,17.1%,34.6%,8.0%,15.5%,54039,5885,2147,1197,4.0%,20.3%,-0.3%,-2.9%,17.15,19.46666667
Gateshead,"35,245","4,225","1,107",565,3.1%,13.4%,6.3%,28.1%,25.2%,32.0%,33146,3297,884,428,2.7%,13.0%,0.5%,0.4%,16.45,18.56666667
Newcastle upon Tyne,"38,719","5,482","1,618",874,4.2%,15.9%,-6.4%,12.3%,33.7%,41.7%,41369,4883,1210,617,2.9%,12.6%,1.3%,3.3%,16.7,18.68333333
North Tyneside,"35,295","4,712","1,075",608,3.0%,12.9%,3.0%,28.1%,-23.6%,-13.1%,34281,3679,1407,700,4.1%,19.0%,-1.1%,-6.1%,16.75,19
South Tyneside,"26,853","3,587",794,415,3.0%,11.6%,-1.4%,40.7%,-20.2%,-9.8%,27248,2549,995,460,3.7%,18.0%,-0.7%,-6.5%,16.7,18.43333333
Sunderland,"46,793","5,162","1,194",612,2.6%,11.9%,6.9%,27.1%,-32.6%,-24.0%,43774,4061,1771,805,4.0%,19.8%,-1.5%,-8.0%,15.95,18.3
Halton,"18,481","1,979",513,239,2.8%,12.1%,15.5%,30.7%,3.4%,-1.2%,16001,1514,496,242,3.1%,16.0%,-0.3%,-3.9%,16.2,18.06666667
Warrington,"32,214","3,722","1,194",655,3.7%,17.6%,19.1%,28.4%,21.2%,32.3%,27039,2899,985,495,3.6%,17.1%,0.1%,0.5%,16.9,18.98333333
Blackburn with Darwen,"19,061","2,345",588,314,3.1%,13.4%,4.1%,10.4%,-26.1%,-23.6%,18306,2125,796,411,4.3%,19.3%,-1.3%,-6.0%,16.25,18.26666667
Blackpool,"27,239","3,738","1,197",668,4.4%,17.9%,-2.2%,5.6%,-14.8%,-8.5%,27854,3541,1405,730,5.0%,20.6%,-0.6%,-2.7%,16.4,17.91666667
Cheshire East,"71,372","9,688","2,529","1,570",3.5%,16.2%,19.9%,34.6%,7.3%,16.1%,59541,7197,2358,1352,4.0%,18.8%,-0.4%,-2.6%,17.85,20.23333333
Cheshire West and Chester,"61,100","7,931","2,023","1,218",3.3%,15.4%,15.7%,33.7%,3.3%,15.9%,52802,5930,1958,1051,3.7%,17.7%,-0.4%,-2.4%,17.75,19.75
Allerdale,"20,033","2,555",745,432,3.7%,16.9%,17.3%,35.0%,37.5%,38.9%,17074,1892,542,311,3.2%,16.4%,0.5%,0.5%,17,19.15
Barrow-in-Furness,"12,955","1,575",436,221,3.4%,14.0%,7.8%,15.0%,9.5%,13.3%,12015,1370,398,195,3.3%,14.2%,0.1%,-0.2%,17.2,18.98333333
Carlisle,"19,897","2,684",649,373,3.3%,13.9%,10.5%,29.6%,-8.1%,-2.4%,18011,2071,706,382,3.9%,18.4%,-0.7%,-4.5%,17,19.38333333
Copeland,"13,354","1,497",417,236,3.1%,15.8%,17.2%,37.0%,15.2%,21.6%,11397,1093,362,194,3.2%,17.7%,-0.1%,-2.0%,17.15,18.83333333
Eden,"11,529","1,438",330,212,2.9%,14.7%,24.2%,29.4%,-6.3%,1.4%,9286,1111,352,209,3.8%,18.8%,-0.9%,-4.1%,18.25,20.66666667
South Lakeland,"25,121","3,529",816,531,3.2%,15.0%,16.6%,22.9%,-14.6%,-10.0%,21541,2872,955,590,4.4%,20.5%,-1.2%,-5.5%,18.4,20.51666667
Burnley,"14,134","1,933",613,355,4.3%,18.4%,4.3%,16.2%,-14.0%,-13.2%,13554,1664,713,409,5.3%,24.6%,-0.9%,-6.2%,16.6,18.1
Chorley,"17,962","2,161",718,410,4.0%,19.0%,26.1%,27.0%,-4.8%,4.9%,14248,1701,754,391,5.3%,23.0%,-1.3%,-4.0%,16.8,19.2
Fylde,"18,343","2,697",806,508,4.4%,18.8%,10.0%,20.7%,-23.8%,-16.4%,16680,2234,1058,608,6.3%,27.2%,-1.9%,-8.4%,17.75,19.88333333
Hyndburn,"12,809","1,553",404,212,3.2%,13.7%,4.3%,3.2%,-34.6%,-34.0%,12283,1505,618,321,5.0%,21.3%,-1.9%,-7.7%,16.35,18.2
Lancaster,"25,365","3,537","1,066",606,4.2%,17.1%,6.4%,8.8%,-9.0%,-12.3%,23830,3252,1171,691,4.9%,21.2%,-0.7%,-4.1%,17.4,19.2
Pendle,"14,350","1,902",450,279,3.1%,14.7%,4.6%,10.6%,-28.5%,-28.8%,13724,1720,629,392,4.6%,22.8%,-1.4%,-8.1%,17.55,19.48333333
Preston,"19,246","2,549",735,393,3.8%,15.4%,1.6%,22.7%,-12.0%,-10.5%,18951,2077,835,439,4.4%,21.1%,-0.6%,-5.7%,16.7,18.8
Ribble Valley,"11,531","1,479",476,305,4.1%,20.6%,24.1%,27.5%,28.3%,18.7%,9288,1160,371,257,4.0%,22.2%,0.1%,-1.5%,17.75,19.98333333
Rossendale,"10,541","1,351",542,308,5.1%,22.8%,11.6%,26.3%,14.3%,30.0%,9449,1070,474,237,5.0%,22.1%,0.1%,0.6%,16.7,18.41666667
South Ribble,"19,412","2,354",581,340,3.0%,14.4%,20.1%,33.5%,23.4%,33.9%,16167,1763,471,254,2.9%,14.4%,0.1%,0.0%,17.5,20.06666667
West Lancashire,"20,875","2,357",780,436,3.7%,18.5%,23.4%,25.3%,-3.0%,1.2%,16920,1881,804,431,4.8%,22.9%,-1.0%,-4.4%,16.65,19.15
Wyre,"26,625","3,576",847,550,3.2%,15.4%,13.7%,32.0%,0.6%,11.8%,23412,2710,842,492,3.6%,18.2%,-0.4%,-2.8%,17.75,19.6
Bolton,"42,540","5,328","1,035",572,2.4%,10.7%,9.3%,18.7%,-17.2%,-19.7%,38935,4487,1250,712,3.2%,15.9%,-0.8%,-5.1%,17.05,18.73333333
Bury,"29,540","3,625","1,071",610,3.6%,16.8%,10.8%,10.6%,-19.4%,-21.9%,26656,3277,1329,781,5.0%,23.8%,-1.4%,-7.0%,16.85,18.7
Manchester,"47,544","6,373","1,590",772,3.3%,12.1%,-8.6%,1.0%,-18.9%,-16.7%,51997,6309,1961,927,3.8%,14.7%,-0.4%,-2.6%,16,17.28333333
Oldham,"32,953","4,208","1,314",714,4.0%,17.0%,6.2%,13.4%,4.7%,10.5%,31034,3710,1255,646,4.0%,17.4%,-0.1%,-0.4%,16.45,18.41666667
Rochdale,"30,816","3,807","1,093",612,3.5%,16.1%,4.8%,16.5%,-17.7%,-9.5%,29415,3269,1328,676,4.5%,20.7%,-1.0%,-4.6%,16.5,18.61666667
Salford,"33,206","4,519","1,043",512,3.1%,11.3%,-5.5%,14.8%,7.0%,2.6%,35121,3937,975,499,2.8%,12.7%,0.4%,-1.3%,16,17.91666667
Stockport,"51,027","6,750","1,460",909,2.9%,13.5%,8.5%,19.5%,6.6%,8.6%,47013,5650,1369,837,2.9%,14.8%,-0.1%,-1.3%,17.55,20.1
Tameside,"34,201","4,180","1,140",638,3.3%,15.3%,7.4%,11.9%,-12.2%,-6.9%,31830,3737,1299,685,4.1%,18.3%,-0.7%,-3.1%,16.4,17.98333333
Trafford,"36,273","5,049",940,547,2.6%,10.8%,6.4%,25.7%,-5.6%,-1.6%,34101,4017,996,556,2.9%,13.8%,-0.3%,-3.0%,17.7,20.15
Wigan,"51,649","5,400","1,474",767,2.9%,14.2%,18.9%,24.8%,15.0%,25.3%,43435,4326,1282,612,3.0%,14.1%,-0.1%,0.1%,16.05,18.28333333
Knowsley,"23,014","2,364",657,275,2.9%,11.6%,3.2%,34.9%,16.5%,12.2%,22291,1753,564,245,2.5%,14.0%,0.3%,-2.3%,15.95,18.2
Liverpool,"65,466","7,730","1,884",865,2.9%,11.2%,-2.5%,7.5%,-20.0%,-21.0%,67159,7188,2356,1095,3.5%,15.2%,-0.6%,-4.0%,15.6,17.88333333
St. Helens,"31,400","3,494",742,410,2.4%,11.7%,13.8%,28.4%,18.3%,41.9%,27588,2722,627,289,2.3%,10.6%,0.1%,1.1%,16.55,18.81666667
Sefton,"57,011","7,526","2,387","1,288",4.2%,17.1%,6.5%,17.5%,-3.9%,-5.1%,53538,6407,2483,1357,4.6%,21.2%,-0.5%,-4.1%,17.2,19.5
Wirral,"60,966","8,334","2,170","1,241",3.6%,14.9%,7.8%,19.1%,2.8%,5.3%,56574,6996,2110,1179,3.7%,16.9%,-0.2%,-2.0%,17.35,19.1
"Kingston upon Hull, City of","35,731","4,642","1,532",764,4.3%,16.5%,-4.3%,11.7%,7.0%,11.0%,37339,4155,1432,688,3.8%,16.6%,0.5%,-0.1%,16.7,18.05
East Riding of Yorkshire,"71,455","9,019","2,782","1,647",3.9%,18.3%,23.5%,31.4%,0.1%,3.3%,57836,6862,2778,1595,4.8%,23.2%,-0.9%,-5.0%,17.95,19.75
North East Lincolnshire,"28,287","3,741","1,027",579,3.6%,15.5%,8.3%,22.9%,-4.4%,-0.5%,26111,3043,1074,582,4.1%,19.1%,-0.5%,-3.6%,17.3,19.06666667
North Lincolnshire,"30,039","3,764","1,043",588,3.5%,15.6%,16.9%,37.2%,-4.8%,0.2%,25700,2743,1096,587,4.3%,21.4%,-0.8%,-5.8%,17.5,19.33333333
York,"33,415","4,857",987,637,3.0%,13.1%,9.3%,30.5%,-11.2%,-0.2%,30559,3723,1111,638,3.6%,17.1%,-0.7%,-4.0%,18.05,19.96666667
Craven,"12,610","1,889",514,339,4.1%,17.9%,16.1%,24.1%,-7.4%,4.3%,10861,1522,555,325,5.1%,21.4%,-1.0%,-3.4%,18.6,20.61666667
Hambleton,"19,241","2,417",425,256,2.2%,10.6%,31.0%,45.4%,-14.3%,-15.0%,14689,1662,496,301,3.4%,18.1%,-1.2%,-7.5%,18.45,21.13333333
Harrogate,"30,894","4,616","1,365",890,4.4%,19.3%,17.3%,21.2%,-1.2%,1.5%,26345,3809,1382,877,5.2%,23.0%,-0.8%,-3.7%,18.45,20.61666667
Richmondshire,"9,076","1,104",340,181,3.7%,16.4%,26.9%,27.8%,12.2%,3.4%,7154,864,303,175,4.2%,20.3%,-0.5%,-3.9%,18.15,20
Ryedale,"12,052","1,538",289,204,2.4%,13.3%,16.0%,15.8%,-24.1%,-16.4%,10391,1328,381,244,3.7%,18.4%,-1.3%,-5.1%,18.65,20.15
Scarborough,"25,320","3,475",882,517,3.5%,14.9%,11.3%,11.2%,-17.7%,-19.2%,22754,3124,1072,640,4.7%,20.5%,-1.2%,-5.6%,18.1,19.5
Selby,"14,006","1,750",396,260,2.8%,14.9%,24.4%,31.1%,13.5%,25.6%,11255,1335,349,207,3.1%,15.5%,-0.3%,-0.6%,17.45,19.93333333
Barnsley,"40,010","4,680","1,127",583,2.8%,12.5%,13.3%,24.8%,-23.5%,-24.3%,35309,3751,1474,770,4.2%,20.5%,-1.4%,-8.1%,16.35,18.66666667
Doncaster,"51,141","6,372","1,590",882,3.1%,13.8%,8.9%,37.6%,5.0%,10.1%,46940,4631,1514,801,3.2%,17.3%,-0.1%,-3.5%,16.9,18.93333333
Rotherham,"44,842","5,499","1,211",688,2.7%,12.5%,16.0%,34.7%,-11.3%,0.0%,38653,4082,1366,688,3.5%,16.9%,-0.8%,-4.3%,16.85,18.81666667
Sheffield,"85,698","11,773","2,506","1,403",2.9%,11.9%,2.0%,10.6%,-13.5%,-10.5%,84058,10641,2896,1568,3.4%,14.7%,-0.5%,-2.8%,17.35,19.25
Bradford,"69,392","9,604","2,554","1,425",3.7%,14.8%,2.6%,15.9%,-12.1%,-9.5%,67661,8290,2906,1575,4.3%,19.0%,-0.6%,-4.2%,16.9,18.85
Calderdale,"32,472","4,294",964,583,3.0%,13.6%,8.2%,11.8%,9.7%,10.8%,30002,3841,879,526,2.9%,13.7%,0.0%,-0.1%,17.3,19.08333333
Kirklees,"64,150","8,023","1,880","1,103",2.9%,13.7%,12.9%,16.5%,-13.6%,-7.7%,56845,6886,2175,1195,3.8%,17.4%,-0.9%,-3.6%,17.05,19.15
Leeds,"109,598","14,582","2,946","1,696",2.7%,11.6%,0.0%,7.4%,-5.1%,-7.2%,109560,13578,3103,1828,2.8%,13.5%,-0.1%,-1.8%,17.6,18.98333333
Wakefield,"55,142","6,662","1,523",864,2.8%,13.0%,13.4%,33.2%,7.9%,18.7%,48632,5001,1412,728,2.9%,14.6%,-0.1%,-1.6%,16.75,18.78333333
Derby,"37,669","5,245","1,166",634,3.1%,12.1%,4.9%,28.5%,-12.9%,-10.6%,35908,4082,1338,709,3.7%,17.4%,-0.6%,-5.3%,17.6,19.7
Leicester,"37,216","5,392","1,435",743,3.9%,13.8%,-1.7%,10.3%,10.4%,8.5%,37851,4890,1300,685,3.4%,14.0%,0.4%,-0.2%,16.85,18.71666667
Rutland,"7,849","1,101",242,166,3.1%,15.1%,36.1%,51.9%,15.8%,22.1%,5767,725,209,136,3.6%,18.8%,-0.5%,-3.7%,19.4,21.18333333
Nottingham,"35,552","5,155","1,229",615,3.5%,11.9%,-7.6%,16.8%,18.2%,24.7%,38489,4414,1040,493,2.7%,11.2%,0.8%,0.8%,16.75,18.63333333
Amber Valley,"22,779","3,051",797,492,3.5%,16.1%,17.0%,30.2%,-0.6%,2.7%,19469,2344,802,479,4.1%,20.4%,-0.6%,-4.3%,17.35,19.53333333
Bolsover,"13,784","1,742",403,237,2.9%,13.6%,10.6%,35.6%,-6.3%,2.6%,12458,1285,430,231,3.5%,18.0%,-0.5%,-4.4%,16.85,18.4
Chesterfield,"19,291","2,778",764,426,4.0%,15.3%,10.4%,39.1%,16.6%,21.7%,17475,1997,655,350,3.7%,17.5%,0.2%,-2.2%,17.05,19.06666667
Derbyshire Dales,"15,827","2,187",522,342,3.3%,15.6%,20.4%,29.3%,6.7%,18.8%,13147,1691,489,288,3.7%,17.0%,-0.4%,-1.4%,18.3,20.55
Erewash,"19,996","2,635",761,457,3.8%,17.3%,14.7%,24.4%,26.2%,34.4%,17426,2118,603,340,3.5%,16.1%,0.3%,1.3%,17.2,19.96666667
High Peak,"15,669","1,968",448,286,2.9%,14.5%,13.5%,12.6%,3.0%,10.9%,13804,1748,435,258,3.2%,14.8%,-0.3%,-0.2%,17.6,19.65
North East Derbyshire,"20,918","2,532",538,295,2.6%,11.7%,20.8%,47.0%,22.3%,24.5%,17320,1723,440,237,2.5%,13.8%,0.0%,-2.1%,17.3,19.83333333
South Derbyshire,"14,627","1,734",522,304,3.6%,17.5%,23.4%,35.9%,13.2%,28.8%,11854,1276,461,236,3.9%,18.5%,-0.3%,-1.0%,17.25,19.4
Blaby,"16,875","2,119",346,212,2.1%,10.0%,23.7%,49.0%,3.9%,1.9%,13642,1422,333,208,2.4%,14.6%,-0.4%,-4.6%,18.95,20.85
Charnwood,"27,262","3,656",671,394,2.5%,10.8%,19.1%,29.7%,-9.3%,-7.3%,22892,2819,740,425,3.2%,15.1%,-0.8%,-4.3%,18.2,20.16666667
Harborough,"15,591","2,102",355,222,2.3%,10.6%,30.2%,51.9%,5.0%,16.8%,11972,1384,338,190,2.8%,13.7%,-0.5%,-3.2%,18.35,20.91666667
Hinckley and Bosworth,"19,333","2,443",488,295,2.5%,12.1%,20.6%,29.6%,20.2%,16.1%,16037,1885,406,254,2.5%,13.5%,0.0%,-1.4%,18.4,20.4
Melton,"9,257","1,263",246,167,2.7%,13.2%,20.2%,41.9%,0.0%,5.0%,7701,890,246,159,3.2%,17.9%,-0.5%,-4.6%,18.3,20.66666667
North West Leicestershire,"16,232","2,092",437,257,2.7%,12.3%,18.8%,41.4%,101.4%,129.5%,13658,1480,217,112,1.6%,7.6%,1.1%,4.7%,17.55,19.8
Oadby and Wigston,"10,887","1,535",439,282,4.0%,18.4%,14.1%,48.9%,46.3%,42.4%,9542,1031,300,198,3.1%,19.2%,0.9%,-0.8%,18.75,20.2
Boston,"12,742","1,625",406,230,3.2%,14.2%,17.0%,23.8%,0.7%,-3.0%,10887,1313,403,237,3.7%,18.1%,-0.5%,-3.9%,17.85,19.51666667
East Lindsey,"35,439","4,054","1,154",701,3.3%,17.3%,22.3%,30.8%,-1.5%,4.5%,28975,3100,1172,671,4.0%,21.6%,-0.8%,-4.4%,18.1,19.33333333
Lincoln,"13,326","2,066",677,395,5.1%,19.1%,1.1%,38.6%,-2.0%,9.7%,13175,1491,691,360,5.2%,24.1%,-0.2%,-5.0%,17.6,18.95
North Kesteven,"22,492","2,781",698,408,3.1%,14.7%,31.4%,53.9%,-3.3%,7.1%,17117,1807,722,381,4.2%,21.1%,-1.1%,-6.4%,17.9,20.23333333
South Holland,"19,663","2,581",641,412,3.3%,16.0%,18.7%,48.1%,9.6%,33.3%,16567,1743,585,309,3.5%,17.7%,-0.3%,-1.8%,17.8,20.26666667
South Kesteven,"25,560","3,543",811,533,3.2%,15.0%,24.5%,55.3%,15.5%,34.6%,20535,2282,702,396,3.4%,17.4%,-0.2%,-2.3%,18.35,20.11666667
West Lindsey,"18,629","2,161",605,324,3.2%,15.0%,28.4%,35.7%,-6.2%,-3.0%,14505,1592,645,334,4.4%,21.0%,-1.2%,-6.0%,17.7,19.85
Corby,"8,312",856,145,66,1.7%,7.7%,12.8%,43.6%,-23.3%,-21.4%,7372,596,189,84,2.6%,14.1%,-0.8%,-6.4%,16.75,17.95
Daventry,"13,177","1,590",466,284,3.5%,17.9%,36.6%,58.2%,26.3%,33.3%,9648,1005,369,213,3.8%,21.2%,-0.3%,-3.3%,17.85,19.86666667
East Northamptonshire,"14,605","1,981",690,429,4.7%,21.7%,28.0%,31.3%,9.7%,16.9%,11408,1509,629,367,5.5%,24.3%,-0.8%,-2.7%,17.75,19.9
Kettering,"14,994","2,120",590,373,3.9%,17.6%,18.0%,28.0%,35.9%,37.6%,12710,1656,434,271,3.4%,16.4%,0.5%,1.2%,17.65,19.58333333
Northampton,"28,215","4,039","1,022",617,3.6%,15.3%,6.4%,25.6%,-19.0%,-15.5%,26517,3215,1261,730,4.8%,22.7%,-1.1%,-7.4%,17.65,19.1
South Northamptonshire,"14,399","1,806",339,229,2.4%,12.7%,31.5%,37.5%,8.7%,21.2%,10948,1313,312,189,2.8%,14.4%,-0.5%,-1.7%,18.3,20.95
Wellingborough,"12,334","1,580",308,169,2.5%,10.7%,14.9%,29.7%,23.2%,19.0%,10737,1218,250,142,2.3%,11.7%,0.2%,-1.0%,17.9,20.41666667
Ashfield,"20,238","2,421",759,440,3.8%,18.2%,15.9%,28.0%,27.1%,49.2%,17467,1891,597,295,3.4%,15.6%,0.3%,2.6%,16.6,18.66666667
Bassetlaw,"20,941","2,555",873,539,4.2%,21.1%,19.7%,34.5%,32.7%,66.4%,17496,1900,658,324,3.8%,17.1%,0.4%,4.0%,17.1,19.15
Broxtowe,"20,098","2,661",563,353,2.8%,13.3%,14.1%,35.2%,5.2%,7.0%,17611,1968,535,330,3.0%,16.8%,-0.2%,-3.5%,17.85,19.81666667
Gedling,"21,016","2,727",562,345,2.7%,12.7%,11.1%,21.8%,-29.1%,-28.6%,18912,2239,793,483,4.2%,21.6%,-1.5%,-8.9%,18.2,19.88333333
Mansfield,"17,946","2,230",627,333,3.5%,14.9%,11.7%,34.3%,0.3%,-2.6%,16060,1660,625,342,3.9%,20.6%,-0.4%,-5.7%,16.95,18.93333333
Newark and Sherwood,"21,785","2,729",756,454,3.5%,16.6%,18.3%,32.9%,3.0%,10.7%,18414,2053,734,410,4.0%,20.0%,-0.5%,-3.3%,17.25,19.45
Rushcliffe,"20,423","2,830",684,407,3.3%,14.4%,19.3%,28.3%,-23.6%,-22.5%,17119,2206,895,525,5.2%,23.8%,-1.9%,-9.4%,18.25,20.7
"Herefordshire, County of","39,016","5,324","1,156",694,3.0%,13.0%,16.2%,34.5%,1.0%,9.5%,33587,3957,1144,634,3.4%,16.0%,-0.4%,-3.0%,18.55,20.46666667
Telford and Wrekin,"24,089","2,680",643,378,2.7%,14.1%,22.7%,27.3%,27.3%,42.6%,19628,2105,505,265,2.6%,12.6%,0.1%,1.5%,17.2,18.93333333
Stoke-on-Trent,"38,818","4,715","1,130",570,2.9%,12.1%,-0.7%,14.1%,-18.2%,-16.4%,39099,4133,1381,682,3.5%,16.5%,-0.6%,-4.4%,16.4,18.41666667
Shropshire,"63,299","8,407","2,314","1,394",3.7%,16.6%,23.7%,35.4%,12.2%,22.0%,51192,6209,2062,1143,4.0%,18.4%,-0.4%,-1.8%,17.9,20.23333333
Cannock Chase,"15,657","1,787",460,231,2.9%,12.9%,23.9%,54.2%,15.9%,6.9%,12641,1159,397,216,3.1%,18.6%,-0.2%,-5.7%,17.05,19.53333333
East Staffordshire,"19,131","2,320",661,352,3.5%,15.2%,17.2%,24.5%,10.7%,11.0%,16321,1864,597,317,3.7%,17.0%,-0.2%,-1.8%,16.95,19.51666667
Lichfield,"20,254","2,270",746,415,3.7%,18.3%,40.3%,38.7%,3.5%,7.2%,14441,1637,721,387,5.0%,23.6%,-1.3%,-5.4%,16.85,19.61666667
Newcastle-under-Lyme,"22,508","2,845",645,351,2.9%,12.3%,9.1%,28.5%,35.8%,37.6%,20626,2214,475,255,2.3%,11.5%,0.6%,0.8%,17.4,19.35
South Staffordshire,"22,505","2,630",848,500,3.8%,19.0%,33.8%,48.3%,14.4%,20.8%,16822,1774,741,414,4.4%,23.3%,-0.6%,-4.3%,17.55,19.91666667
Stafford,"25,274","3,291",792,504,3.1%,15.3%,24.1%,34.9%,-13.3%,-0.8%,20368,2439,914,508,4.5%,20.8%,-1.4%,-5.5%,18.05,20.41666667
Staffordshire Moorlands,"20,381","2,470",659,368,3.2%,14.9%,23.7%,45.5%,12.1%,21.5%,16473,1698,588,303,3.6%,17.8%,-0.3%,-2.9%,17.55,19.91666667
Tamworth,"11,144","1,174",243,130,2.2%,11.1%,33.8%,47.5%,44.6%,30.0%,8327,796,168,100,2.0%,12.6%,0.2%,-1.5%,16.65,19.76666667
North Warwickshire,"11,385","1,325",394,220,3.5%,16.6%,22.5%,38.7%,64.9%,71.9%,9295,955,239,128,2.6%,13.4%,0.9%,3.2%,17.1,19.05
Nuneaton and Bedworth,"20,922","2,393",565,311,2.7%,13.0%,18.3%,40.0%,35.5%,45.3%,17680,1709,417,214,2.4%,12.5%,0.3%,0.5%,16.95,19.06666667
Rugby,"17,334","2,374",577,357,3.3%,15.0%,23.3%,38.6%,8.7%,16.7%,14057,1713,531,306,3.8%,17.9%,-0.4%,-2.8%,17.95,20.43333333
Stratford-on-Avon,"26,580","3,622",745,480,2.8%,13.3%,31.5%,38.2%,5.8%,10.6%,20210,2620,704,434,3.5%,16.6%,-0.7%,-3.3%,18.2,21.13333333
Warwick,"23,050","3,443",639,414,2.8%,12.0%,11.6%,31.9%,-9.1%,-0.7%,20645,2611,703,417,3.4%,16.0%,-0.6%,-3.9%,18.3,20.95
Bromsgrove,"19,135","2,765",973,616,5.1%,22.3%,26.3%,46.6%,19.4%,26.5%,15145,1886,815,487,5.4%,25.8%,-0.3%,-3.5%,17.45,19.81666667
Malvern Hills,"17,981","2,711",788,497,4.4%,18.3%,19.5%,30.9%,-0.4%,6.0%,15041,2071,791,469,5.3%,22.6%,-0.9%,-4.3%,18.3,20.06666667
Redditch,"11,884","1,484",274,161,2.3%,10.8%,23.5%,43.5%,117.5%,177.6%,9626,1034,126,58,1.3%,5.6%,1.0%,5.2%,18.1,19.53333333
Worcester,"14,609","1,992",332,220,2.3%,11.0%,9.0%,28.4%,0.0%,10.0%,13406,1552,332,200,2.5%,12.9%,-0.2%,-1.8%,17.55,19.91666667
Wychavon,"25,015","3,426",578,361,2.3%,10.5%,26.2%,48.5%,13.1%,11.1%,19825,2307,511,325,2.6%,14.1%,-0.3%,-3.6%,18.6,21.2
Wyre Forest,"20,463","2,507",555,322,2.7%,12.8%,27.1%,25.9%,-10.9%,-12.7%,16096,1991,623,369,3.9%,18.5%,-1.2%,-5.7%,17.6,19.86666667
Birmingham,"138,213","19,068","3,523","1,916",2.5%,10.0%,-2.6%,11.7%,-8.5%,-0.3%,141956,17065,3852,1922,2.7%,11.3%,-0.2%,-1.2%,17.15,19.25
Coventry,"46,250","6,692","1,213",697,2.6%,10.4%,0.6%,27.8%,-16.9%,-9.5%,45952,5235,1459,770,3.2%,14.7%,-0.6%,-4.3%,17.55,19.48333333
Dudley,"58,197","6,898","1,441",852,2.5%,12.4%,14.5%,31.3%,-3.2%,9.2%,50845,5252,1488,780,2.9%,14.9%,-0.5%,-2.5%,17.3,19.76666667
Sandwell,"46,841","6,185","1,259",669,2.7%,10.8%,0.6%,27.4%,-4.7%,8.4%,46571,4855,1321,617,2.8%,12.7%,-0.1%,-1.9%,16.2,18.58333333
Solihull,"39,596","5,501",921,579,2.3%,10.5%,17.9%,53.5%,30.8%,32.2%,33581,3583,704,438,2.1%,12.2%,0.2%,-1.7%,18.45,20.98333333
Walsall,"45,815","5,397","1,083",604,2.4%,11.2%,11.7%,32.4%,-5.7%,2.9%,41013,4075,1148,587,2.8%,14.4%,-0.4%,-3.2%,17.3,19.48333333
Wolverhampton,"40,629","5,596","1,380",757,3.4%,13.5%,1.6%,28.9%,32.7%,41.0%,39985,4343,1040,537,2.6%,12.4%,0.8%,1.2%,17.55,19.01666667
Peterborough,"24,878","3,348",513,306,2.1%,9.1%,12.5%,40.3%,-3.6%,1.0%,22118,2386,532,303,2.4%,12.7%,-0.3%,-3.6%,17,19.48333333
Luton,"23,881","2,797",608,325,2.5%,11.6%,8.0%,18.2%,63.4%,91.2%,22122,2367,372,170,1.7%,7.2%,0.9%,4.4%,17,19.3
Southend-on-Sea,"30,798","5,066","1,368",847,4.4%,16.7%,0.2%,3.9%,-12.2%,-9.9%,30745,4875,1558,940,5.1%,19.3%,-0.6%,-2.6%,17.5,19.66666667
Thurrock,"20,021","2,626",391,245,2.0%,9.3%,7.2%,48.1%,82.7%,120.7%,18671,1773,214,111,1.1%,6.3%,0.8%,3.1%,17.25,19.16666667
Bedford,"24,868","3,427",830,498,3.3%,14.5%,13.1%,28.2%,6.8%,12.2%,21978,2673,777,444,3.5%,16.6%,-0.2%,-2.1%,18.3,20.25
Central Bedfordshire,"39,889","4,712",823,479,2.1%,10.2%,26.2%,35.2%,9.3%,9.9%,31620,3484,753,436,2.4%,12.5%,-0.3%,-2.3%,17.9,20.36666667
Cambridge,"14,601","2,696",571,354,3.9%,13.1%,1.7%,24.4%,53.1%,71.8%,14354,2167,373,206,2.6%,9.5%,1.3%,3.6%,18.7,20.45
East Cambridgeshire,"14,307","1,900",296,168,2.1%,8.8%,19.0%,31.0%,29.3%,52.7%,12023,1450,229,110,1.9%,7.6%,0.2%,1.3%,18.85,21.2
Fenland,"19,319","2,526",560,330,2.9%,13.1%,21.2%,37.1%,-13.8%,-8.3%,15944,1843,650,360,4.1%,19.5%,-1.2%,-6.5%,17.4,19.81666667
Huntingdonshire,"27,300","3,354",673,428,2.5%,12.8%,34.4%,43.0%,19.1%,25.1%,20312,2345,565,342,2.8%,14.6%,-0.3%,-1.8%,18.25,20.63333333
South Cambridgeshire,"24,702","3,397",366,234,1.5%,6.9%,28.9%,36.3%,-14.3%,-13.7%,19167,2492,427,271,2.2%,10.9%,-0.7%,-4.0%,19.3,21.81666667
Basildon,"27,888","3,535",675,424,2.4%,12.0%,14.3%,43.2%,31.8%,43.2%,24403,2469,512,296,2.1%,12.0%,0.3%,0.0%,17.8,19.83333333
Braintree,"24,413","3,508",980,606,4.0%,17.3%,23.6%,32.2%,22.3%,32.0%,19750,2654,801,459,4.1%,17.3%,0.0%,0.0%,17.2,19.68333333
Brentwood,"14,049","2,190",404,251,2.9%,11.5%,11.4%,48.1%,9.5%,20.1%,12606,1479,369,209,2.9%,14.1%,-0.1%,-2.7%,18.6,20.96666667
Castle Point,"19,001","2,314",461,297,2.4%,12.8%,28.6%,48.3%,124.9%,145.5%,14776,1560,205,121,1.4%,7.8%,1.0%,5.1%,17.45,19.85
Chelmsford,"28,018","3,772",619,390,2.2%,10.3%,21.9%,39.0%,46.7%,50.6%,22983,2713,422,259,1.8%,9.5%,0.4%,0.8%,18.9,20.81666667
Colchester,"27,308","3,718",850,502,3.1%,13.5%,19.0%,23.8%,13.6%,11.1%,22955,3003,748,452,3.3%,15.1%,-0.1%,-1.5%,18.25,20.18333333
Epping Forest,"22,550","3,343",682,433,3.0%,13.0%,10.6%,32.3%,84.8%,75.3%,20391,2526,369,247,1.8%,9.8%,1.2%,3.2%,18.1,20.48333333
Harlow,"12,305","1,609",223,129,1.8%,8.0%,6.3%,68.5%,265.6%,258.3%,11580,955,61,36,0.5%,3.8%,1.3%,4.2%,18.15,19.75
Maldon,"12,374","1,519",372,232,3.0%,15.3%,36.0%,36.0%,25.3%,34.1%,9101,1117,297,173,3.3%,15.5%,-0.3%,-0.2%,18.2,20.3
Rochford,"16,679","2,121",264,138,1.6%,6.5%,21.7%,39.1%,74.8%,68.3%,13708,1525,151,82,1.1%,5.4%,0.5%,1.1%,18.45,20.88333333
Tendring,"37,273","5,648","1,204",698,3.2%,12.4%,3.4%,11.3%,-20.5%,-21.0%,36059,5075,1514,883,4.2%,17.4%,-1.0%,-5.0%,18.05,19.38333333
Uttlesford,"13,575","1,907",390,271,2.9%,14.2%,28.9%,36.3%,47.2%,72.6%,10530,1399,265,157,2.5%,11.2%,0.4%,3.0%,18.45,21.16666667
Broxbourne,"15,296","1,815",181,116,1.2%,6.4%,19.6%,47.4%,-8.1%,0.9%,12793,1231,197,115,1.5%,9.3%,-0.4%,-3.0%,18.05,20.85
Dacorum,"22,883","3,375",663,440,2.9%,13.0%,9.9%,42.3%,20.5%,37.5%,20820,2372,550,320,2.6%,13.5%,0.3%,-0.5%,18.2,20.6
East Hertfordshire,"21,253","2,798",544,329,2.6%,11.8%,20.7%,34.0%,20.6%,30.0%,17601,2088,451,253,2.6%,12.1%,0.0%,-0.4%,18.4,20.68333333
Hertsmere,"16,328","2,656",534,314,3.3%,11.8%,6.2%,30.1%,-22.8%,-19.3%,15381,2041,692,389,4.5%,19.1%,-1.2%,-7.2%,17.85,20.63333333
North Hertfordshire,"21,711","3,377",787,497,3.6%,14.7%,16.7%,31.7%,6.1%,13.5%,18602,2565,742,438,4.0%,17.1%,-0.4%,-2.4%,17.45,19.55
St Albans,"21,776","3,194",700,452,3.2%,14.2%,13.2%,39.2%,9.4%,23.8%,19229,2295,640,365,3.3%,15.9%,-0.1%,-1.8%,18.75,21.05
Stevenage,"11,872","1,547",215,116,1.8%,7.5%,7.5%,50.3%,28.0%,33.3%,11040,1029,168,87,1.5%,8.5%,0.3%,-1.0%,17.7,19.53333333
Three Rivers,"14,706","2,212",548,376,3.7%,17.0%,7.6%,19.2%,8.9%,19.0%,13673,1855,503,316,3.7%,17.0%,0.0%,0.0%,18.1,20.58333333
Watford,"11,151","1,579",473,266,4.2%,16.8%,5.8%,9.7%,-6.2%,-8.6%,10543,1440,504,291,4.8%,20.2%,-0.5%,-3.4%,17.1,19.2
Welwyn Hatfield,"16,939","2,524",430,264,2.5%,10.5%,1.2%,25.0%,-12.1%,-9.3%,16734,2019,489,291,2.9%,14.4%,-0.4%,-4.0%,18.6,20.61666667
Breckland,"28,138","3,862","1,215",753,4.3%,19.5%,21.0%,34.6%,21.1%,36.2%,23259,2870,1003,553,4.3%,19.3%,0.0%,0.2%,18.05,20
Broadland,"27,816","3,831","1,015",592,3.6%,15.5%,21.8%,33.3%,-7.2%,-7.1%,22833,2875,1094,637,4.8%,22.2%,-1.1%,-6.7%,18.25,20.48333333
Great Yarmouth,"20,371","2,702",644,344,3.2%,12.7%,14.2%,21.0%,2.9%,0.6%,17839,2233,626,342,3.5%,15.3%,-0.3%,-2.6%,17.85,19.35
King's Lynn and West Norfolk,"33,841","4,464",887,534,2.6%,12.0%,17.3%,33.7%,-11.7%,-6.0%,28861,3339,1005,568,3.5%,17.0%,-0.9%,-5.0%,18.3,20.43333333
North Norfolk,"29,197","4,172",911,588,3.1%,14.1%,16.7%,27.4%,-12.0%,-6.2%,25011,3274,1035,627,4.1%,19.2%,-1.0%,-5.1%,18.75,21.01666667
Norwich,"19,345","3,291",561,349,2.9%,10.6%,-5.3%,19.5%,-23.3%,-18.6%,20433,2755,731,429,3.6%,15.6%,-0.7%,-5.0%,18.85,20.61666667
South Norfolk,"26,523","3,492",542,348,2.0%,10.0%,24.1%,33.4%,-18.1%,-19.6%,21364,2618,662,433,3.1%,16.5%,-1.1%,-6.6%,19.45,21.18333333
Babergh,"18,756","2,550",649,397,3.5%,15.6%,22.3%,39.2%,26.0%,30.2%,15332,1832,515,305,3.4%,16.6%,0.1%,-1.1%,18.8,20.86666667
Forest Heath,"9,694","1,299",196,118,2.0%,9.1%,16.9%,28.2%,0.0%,5.4%,8290,1013,196,112,2.4%,11.1%,-0.3%,-2.0%,17.8,20.6
Ipswich,"19,830","3,118",615,353,3.1%,11.3%,0.8%,20.9%,-1.4%,-2.5%,19663,2578,624,362,3.2%,14.0%,-0.1%,-2.7%,17.7,19.96666667
Mid Suffolk,"19,471","2,554",528,349,2.7%,13.7%,27.6%,35.8%,2.1%,4.5%,15255,1881,517,334,3.4%,17.8%,-0.7%,-4.1%,18.55,20.91666667
St Edmundsbury,"20,990","2,916",673,428,3.2%,14.7%,31.5%,50.4%,10.9%,19.2%,15956,1939,607,359,3.8%,18.5%,-0.6%,-3.8%,18.2,20.91666667
Suffolk Coastal,"28,805","4,232",897,601,3.1%,14.2%,20.1%,30.7%,9.9%,20.4%,23977,3237,816,499,3.4%,15.4%,-0.3%,-1.2%,19.15,20.73333333
Waveney,"27,493","4,059",827,528,3.0%,13.0%,13.4%,27.2%,18.1%,20.5%,24244,3190,700,438,2.9%,13.7%,0.1%,-0.7%,18.55,20.25
Barking and Dagenham,"19,321","3,063",471,246,2.4%,8.0%,-19.9%,7.2%,-0.6%,15.0%,24113,2856,474,214,2.0%,7.5%,0.5%,0.5%,16.8,18.8
Barnet,"47,432","7,675","1,963","1,201",4.1%,15.6%,4.3%,8.7%,-5.0%,-4.8%,45495,7060,2066,1261,4.5%,17.9%,-0.4%,-2.2%,18.45,21.08333333
Bexley,"37,212","5,109",800,481,2.1%,9.4%,7.8%,25.8%,41.3%,52.2%,34510,4060,566,316,1.6%,7.8%,0.5%,1.6%,18,20.35
Brent,"32,676","3,595",663,307,2.0%,8.5%,8.1%,5.3%,62.5%,65.1%,30239,3413,408,186,1.3%,5.4%,0.7%,3.1%,18.6,20.93333333
Bromley,"52,037","7,815","1,205",794,2.3%,10.2%,4.5%,21.2%,-13.2%,-4.3%,49805,6448,1389,830,2.8%,12.9%,-0.5%,-2.7%,18.6,20.78333333
Camden,"23,977","3,143",308,142,1.3%,4.5%,13.0%,17.2%,63.0%,27.9%,21214,2682,189,111,0.9%,4.1%,0.4%,0.4%,17.9,21.88333333
Croydon,"44,375","5,902","1,459",798,3.3%,13.5%,4.2%,9.4%,10.0%,14.5%,42599,5396,1326,697,3.1%,12.9%,0.2%,0.6%,17.9,20
Ealing,"36,227","4,656",884,444,2.4%,9.5%,4.5%,10.2%,-7.2%,-4.9%,34679,4225,953,467,2.7%,11.1%,-0.3%,-1.5%,17.95,20.28333333
Enfield,"38,833","5,282","1,202",687,3.1%,13.0%,3.0%,-0.8%,16.7%,14.1%,37710,5325,1030,602,2.7%,11.3%,0.4%,1.7%,17.9,20.53333333
Greenwich,"26,116","3,749",777,390,3.0%,10.4%,-6.0%,6.0%,3.3%,9.6%,27772,3538,752,356,2.7%,10.1%,0.3%,0.3%,17.35,19.06666667
Hackney,"17,395","1,947",176,69,1.0%,3.5%,-8.1%,-12.0%,-32.8%,-45.2%,18933,2213,262,126,1.4%,5.7%,-0.4%,-2.1%,17.85,19.63333333
Hammersmith and Fulham,"16,413","2,011",269,152,1.6%,7.6%,-5.4%,-4.7%,52.0%,72.7%,17353,2111,177,88,1.0%,4.2%,0.6%,3.4%,18.65,20.05
Haringey,"22,369","2,421",443,203,2.0%,8.4%,5.6%,-3.4%,26.9%,1.0%,21179,2506,349,201,1.6%,8.0%,0.3%,0.4%,17.2,20.66666667
Harrow,"33,667","4,588",657,368,2.0%,8.0%,12.5%,3.4%,-20.7%,-24.0%,29936,4435,828,484,2.8%,10.9%,-0.8%,-2.9%,19.5,22.15
Havering,"42,277","6,056",896,518,2.1%,8.6%,6.6%,43.6%,2.3%,8.4%,39670,4216,876,478,2.2%,11.3%,-0.1%,-2.8%,17.6,20.2
Hillingdon,"35,178","4,692",795,453,2.3%,9.7%,4.2%,11.3%,42.5%,53.6%,33769,4217,558,295,1.7%,7.0%,0.6%,2.7%,18.1,20.23333333
Hounslow,"26,859","3,285",487,251,1.8%,7.6%,10.2%,13.1%,-12.6%,-15.5%,24371,2905,557,297,2.3%,10.2%,-0.5%,-2.6%,17.2,20.1
Islington,"18,036","2,131",313,141,1.7%,6.6%,0.3%,16.5%,135.3%,104.3%,17987,1829,133,69,0.7%,3.8%,1.0%,2.8%,16.9,19.36666667
Kensington and Chelsea,"19,115","2,467",556,277,2.9%,11.2%,-1.6%,-1.7%,138.6%,132.8%,19419,2510,233,119,1.2%,4.7%,1.7%,6.5%,20.45,22.13333333
Kingston upon Thames,"20,358","3,342",729,480,3.6%,14.4%,3.4%,12.3%,-3.6%,6.0%,19680,2976,756,453,3.8%,15.2%,-0.3%,-0.9%,18.05,20.71666667
Lambeth,"23,187","2,845",665,289,2.9%,10.2%,-5.8%,4.9%,14.9%,16.5%,24609,2712,579,248,2.4%,9.1%,0.5%,1.0%,17,19.63333333
Lewisham,"26,135","3,481",747,359,2.9%,10.3%,-4.5%,-1.7%,21.9%,16.9%,27358,3540,613,307,2.2%,8.7%,0.6%,1.6%,16.7,19.35
Merton,"23,122","3,277",557,330,2.4%,10.1%,-4.8%,1.5%,-7.6%,-2.1%,24286,3228,603,337,2.5%,10.4%,-0.1%,-0.4%,18.4,20.53333333
Newham,"20,593","2,336",387,183,1.9%,7.8%,-5.6%,-1.4%,11.8%,34.6%,21823,2368,346,136,1.6%,5.7%,0.3%,2.1%,16.55,19.23333333
Redbridge,"33,385","5,015",918,537,2.7%,10.7%,-0.4%,14.0%,25.1%,35.3%,33504,4401,734,397,2.2%,9.0%,0.6%,1.7%,18.2,20.41666667
Richmond upon Thames,"25,296","4,039",735,460,2.9%,11.4%,6.9%,12.6%,4.7%,17.9%,23673,3588,702,390,3.0%,10.9%,-0.1%,0.5%,18.4,21.56666667
Southwark,"22,329","2,884",507,241,2.3%,8.4%,-11.9%,3.9%,21.6%,24.2%,25352,2775,417,194,1.6%,7.0%,0.6%,1.4%,17.25,19.71666667
Sutton,"27,233","4,000",833,481,3.1%,12.0%,4.2%,8.4%,-7.5%,-12.5%,26134,3691,901,550,3.4%,14.9%,-0.4%,-2.9%,17.6,20.33333333
Tower Hamlets,"15,570","1,790",240,98,1.5%,5.5%,-15.2%,8.8%,16.5%,-12.5%,18362,1645,206,112,1.1%,6.8%,0.4%,-1.3%,16.5,18.71666667
Waltham Forest,"25,566","3,524",640,327,2.5%,9.3%,0.1%,-1.5%,-4.9%,-7.4%,25528,3578,673,353,2.6%,9.9%,-0.1%,-0.6%,16.75,20.15
Wandsworth,"26,911","3,693",887,465,3.3%,12.6%,-0.9%,1.3%,15.2%,3.8%,27156,3646,770,448,2.8%,12.3%,0.5%,0.3%,17.25,19.51666667
"Westminster,City of London","25,549","3,217",285,139,1.1%,4.3%,9.3%,12.6%,247.6%,297.1%,23374,2858,82,35,0.4%,1.2%,0.8%,3.1%,#N/A,#N/A
Medway,"37,005","4,407",928,537,2.5%,12.2%,17.3%,32.4%,-5.7%,2.3%,31534,3329,984,525,3.1%,15.8%,-0.6%,-3.6%,16.9,19.1
Bracknell Forest,"14,147","1,885",336,210,2.4%,11.1%,19.3%,40.6%,6.7%,22.1%,11860,1341,315,172,2.7%,12.8%,-0.3%,-1.7%,17.7,20.66666667
West Berkshire,"23,626","3,087",439,279,1.9%,9.0%,23.3%,34.3%,-10.0%,-3.5%,19154,2299,488,289,2.5%,12.6%,-0.7%,-3.5%,18.45,20.8
Reading,"17,832","2,642",562,331,3.2%,12.5%,-0.8%,9.1%,27.4%,27.8%,17975,2421,441,259,2.5%,10.7%,0.7%,1.8%,18.1,19.48333333
Slough,"12,824","1,682",305,165,2.4%,9.8%,-7.7%,16.2%,42.5%,39.8%,13899,1448,214,118,1.5%,8.1%,0.8%,1.7%,17.45,19.46666667
Windsor and Maidenhead,"24,077","3,489",943,558,3.9%,16.0%,17.3%,35.1%,46.0%,35.4%,20530,2582,646,412,3.1%,16.0%,0.8%,0.0%,17.95,20.7
Wokingham,"23,789","2,946",690,447,2.9%,15.2%,32.8%,43.1%,16.0%,20.8%,17918,2059,595,370,3.3%,18.0%,-0.4%,-2.8%,18.4,20.88333333
Milton Keynes,"27,511","3,550",994,628,3.6%,17.7%,29.3%,49.2%,46.2%,64.8%,21274,2380,680,381,3.2%,16.0%,0.4%,1.7%,17.3,19.3
Brighton and Hove,"35,692","5,984","1,346",834,3.8%,13.9%,-11.8%,-8.0%,-31.1%,-30.4%,40451,6501,1953,1199,4.8%,18.4%,-1.1%,-4.5%,17.95,19.81666667
Portsmouth,"27,412","4,341",771,459,2.8%,10.6%,-4.4%,11.5%,-31.3%,-24.0%,28668,3894,1123,604,3.9%,15.5%,-1.1%,-4.9%,17.25,19.15
Southampton,"30,776","4,672",831,468,2.7%,10.0%,-2.7%,18.2%,2.6%,14.4%,31632,3953,810,409,2.6%,10.3%,0.1%,-0.3%,18,19.68333333
Isle of Wight,"32,954","5,070","1,474",902,4.5%,17.8%,11.0%,20.5%,2.4%,3.4%,29701,4206,1440,872,4.8%,20.7%,-0.4%,-2.9%,18.1,20.23333333
Aylesbury Vale,"26,036","3,351",865,508,3.3%,15.2%,22.2%,29.9%,17.7%,16.0%,21298,2579,735,438,3.5%,17.0%,-0.1%,-1.8%,17.85,20.18333333
Chiltern,"17,968","2,495",495,319,2.8%,12.8%,19.5%,31.4%,-13.9%,-10.1%,15034,1899,575,355,3.8%,18.7%,-1.1%,-5.9%,18.65,22.01666667
South Bucks,"12,951","1,921",411,273,3.2%,14.2%,19.4%,32.8%,26.5%,27.6%,10843,1446,325,214,3.0%,14.8%,0.2%,-0.6%,18.25,21
Wycombe,"27,196","3,445",597,387,2.2%,11.2%,20.8%,16.5%,87.1%,100.5%,22507,2958,319,193,1.4%,6.5%,0.8%,4.7%,18.85,21.1
Eastbourne,"22,303","4,198","1,150",724,5.2%,17.2%,0.6%,6.1%,-13.8%,-15.8%,22168,3957,1334,860,6.0%,21.7%,-0.9%,-4.5%,18.6,20.25
Hastings,"15,401","2,416",932,494,6.1%,20.4%,0.6%,0.0%,-19.0%,-23.4%,15316,2417,1150,645,7.5%,26.7%,-1.5%,-6.2%,17.15,19.01666667
Lewes,"22,154","3,534",716,466,3.2%,13.2%,6.5%,16.2%,-19.6%,-7.7%,20811,3041,891,505,4.3%,16.6%,-1.0%,-3.4%,19.3,21.25
Rother,"25,763","4,624","1,200",797,4.7%,17.2%,5.6%,17.9%,-14.5%,-13.6%,24387,3921,1404,922,5.8%,23.5%,-1.1%,-6.3%,18.35,20.61666667
Wealden,"34,142","5,094","1,175",743,3.4%,14.6%,15.4%,17.0%,-2.5%,1.2%,29578,4355,1205,734,4.1%,16.9%,-0.6%,-2.3%,19.3,20.83333333
Basingstoke and Deane,"24,151","2,898",545,334,2.3%,11.5%,27.2%,36.1%,1.5%,10.2%,18990,2129,537,303,2.8%,14.2%,-0.6%,-2.7%,17.95,20.16666667
East Hampshire,"22,303","3,184",946,596,4.2%,18.7%,28.7%,35.3%,24.8%,25.2%,17323,2354,758,476,4.4%,20.2%,-0.1%,-1.5%,18.15,20.63333333
Eastleigh,"20,831","2,790",582,348,2.8%,12.5%,21.2%,36.8%,15.5%,16.4%,17181,2040,504,299,2.9%,14.7%,-0.1%,-2.2%,18.05,20.98333333
Fareham,"22,776","3,077",747,466,3.3%,15.1%,21.1%,36.7%,-3.4%,-5.9%,18801,2251,773,495,4.1%,22.0%,-0.8%,-6.8%,18.6,20.4
Gosport,"14,106","1,991",553,338,3.9%,17.0%,14.1%,27.6%,5.9%,8.7%,12363,1560,522,311,4.2%,19.9%,-0.3%,-3.0%,17.8,19.4
Hart,"15,018","1,842",304,211,2.0%,11.5%,41.4%,43.1%,19.2%,18.5%,10619,1287,255,178,2.4%,13.8%,-0.4%,-2.4%,19.3,21.75
Havant,"25,425","3,426",820,508,3.2%,14.8%,15.0%,38.5%,15.7%,18.1%,22117,2473,709,430,3.2%,17.4%,0.0%,-2.6%,18.4,20.38333333
New Forest,"44,142","7,332","1,739","1,196",3.9%,16.3%,15.3%,41.9%,16.3%,30.0%,38286,5166,1495,920,3.9%,17.8%,0.0%,-1.5%,19.6,21.6
Rushmoor,"11,444","1,576",445,267,3.9%,16.9%,8.6%,22.0%,-17.7%,-8.2%,10541,1292,541,291,5.1%,22.5%,-1.2%,-5.6%,17.1,19.55
Test Valley,"21,397","2,837",787,478,3.7%,16.8%,29.8%,33.8%,24.9%,27.8%,16489,2120,630,374,3.8%,17.6%,-0.1%,-0.8%,18,20.61666667
Winchester,"21,779","3,283",934,598,4.3%,18.2%,18.3%,23.4%,15.6%,18.4%,18403,2661,808,505,4.4%,19.0%,-0.1%,-0.8%,19.1,21.43333333
Ashford,"19,968","2,733",477,326,2.4%,11.9%,20.1%,38.7%,19.8%,30.9%,16623,1971,398,249,2.4%,12.6%,0.0%,-0.7%,18.7,20.8
Canterbury,"28,445","4,564","1,233",752,4.3%,16.5%,9.4%,20.4%,-11.5%,-6.7%,26005,3790,1393,806,5.4%,21.3%,-1.0%,-4.8%,18.1,20.11666667
Dartford,"13,952","1,877",627,372,4.5%,19.8%,12.5%,34.2%,0.0%,6.6%,12404,1399,627,349,5.1%,24.9%,-0.6%,-5.1%,17.3,18.8
Dover,"22,517","3,193",895,522,4.0%,16.3%,14.6%,26.9%,0.0%,-0.9%,19653,2516,895,527,4.6%,20.9%,-0.6%,-4.6%,17.75,19.78333333
Gravesham,"16,290","2,048",471,266,2.9%,13.0%,11.2%,30.4%,9.5%,25.5%,14655,1570,430,212,2.9%,13.5%,0.0%,-0.5%,17.9,19.83333333
Maidstone,"26,514","3,514",929,555,3.5%,15.8%,23.1%,32.3%,26.4%,25.6%,21539,2656,735,442,3.4%,16.6%,0.1%,-0.8%,17.95,19.9
Sevenoaks,"21,667","2,937",582,387,2.7%,13.2%,15.3%,24.7%,23.6%,27.7%,18798,2356,471,303,2.5%,12.9%,0.2%,0.3%,19.05,20.85
Shepway,"22,415","3,409",910,571,4.1%,16.7%,16.1%,23.4%,1.7%,7.1%,19301,2762,895,533,4.6%,19.3%,-0.6%,-2.5%,18.05,20.25
Swale,"22,623","2,659",542,304,2.4%,11.4%,23.0%,29.3%,-18.6%,-14.6%,18389,2056,666,356,3.6%,17.3%,-1.2%,-5.9%,17.1,19.46666667
Thanet,"28,413","4,533","1,166",687,4.1%,15.2%,3.1%,17.3%,-16.8%,-6.0%,27567,3866,1402,731,5.1%,18.9%,-1.0%,-3.8%,17.55,19.2
Tonbridge and Malling,"20,427","2,436",480,280,2.3%,11.5%,26.0%,36.4%,15.9%,14.3%,16215,1786,414,245,2.6%,13.7%,-0.2%,-2.2%,18.3,20.63333333
Tunbridge Wells,"19,075","2,938",810,521,4.2%,17.7%,12.8%,21.2%,-7.7%,-3.5%,16908,2425,878,540,5.2%,22.3%,-0.9%,-4.5%,18.4,21.05
Cherwell,"21,699","2,819",629,393,2.9%,13.9%,22.4%,31.9%,39.5%,47.7%,17724,2138,451,266,2.5%,12.4%,0.4%,1.5%,18,20.35
Oxford,"16,640","2,697",489,313,2.9%,11.6%,-4.7%,9.8%,27.7%,37.9%,17467,2456,383,227,2.2%,9.2%,0.7%,2.4%,18.4,20.28333333
South Oxfordshire,"24,380","3,375",685,473,2.8%,14.0%,24.6%,32.3%,14.9%,25.5%,19571,2551,596,377,3.0%,14.8%,-0.2%,-0.8%,18.65,20.83333333
Vale of White Horse,"21,761","3,052",586,401,2.7%,13.1%,22.1%,43.7%,73.9%,107.8%,17817,2124,337,193,1.9%,9.1%,0.8%,4.1%,18.95,20.8
West Oxfordshire,"19,262","2,740",717,443,3.7%,16.2%,25.8%,36.4%,19.3%,18.4%,15312,2009,601,374,3.9%,18.6%,-0.2%,-2.4%,18.45,20.41666667
Elmbridge,"21,518","3,662",821,544,3.8%,14.9%,7.8%,22.8%,15.1%,18.8%,19966,2982,713,458,3.6%,15.4%,0.2%,-0.5%,18.85,21.08333333
Epsom and Ewell,"12,575","1,934",260,164,2.1%,8.5%,11.5%,15.5%,1.6%,-1.2%,11282,1674,256,166,2.3%,9.9%,-0.2%,-1.4%,19.25,21.61666667
Guildford,"21,393","3,206",640,445,3.0%,13.9%,8.8%,21.9%,27.5%,40.4%,19659,2630,502,317,2.6%,12.1%,0.4%,1.8%,19.55,21.35
Mole Valley,"17,674","2,685",612,375,3.5%,14.0%,15.8%,24.5%,6.4%,11.3%,15262,2156,575,337,3.8%,15.6%,-0.3%,-1.7%,18.6,21.28333333
Reigate and Banstead,"22,733","3,851","1,320",826,5.8%,21.4%,10.4%,28.9%,18.9%,17.7%,20595,2988,1110,702,5.4%,23.5%,0.4%,-2.0%,17.95,20.33333333
Runnymede,"13,468","2,057",438,275,3.3%,13.4%,7.1%,24.0%,28.8%,36.1%,12571,1659,340,202,2.7%,12.2%,0.5%,1.2%,18.5,20.68333333
Spelthorne,"16,680","2,332",406,238,2.4%,10.2%,10.8%,39.1%,-4.7%,-2.1%,15056,1677,426,243,2.8%,14.5%,-0.4%,-4.3%,18.45,20.18333333
Surrey Heath,"14,405","1,828",525,322,3.6%,17.6%,31.3%,41.0%,3.8%,4.9%,10970,1296,506,307,4.6%,23.7%,-1.0%,-6.1%,18.05,20.36666667
Tandridge,"15,355","2,291",675,405,4.4%,17.7%,15.4%,24.6%,1.2%,7.4%,13307,1838,667,377,5.0%,20.5%,-0.6%,-2.8%,18.5,20.33333333
Waverley,"23,822","3,871","1,023",653,4.3%,16.9%,16.8%,19.8%,12.9%,15.2%,20396,3231,906,567,4.4%,17.5%,-0.1%,-0.7%,18.85,21.6
Woking,"14,843","2,326",554,358,3.7%,15.4%,13.4%,31.9%,33.2%,49.2%,13088,1764,416,240,3.2%,13.6%,0.6%,1.8%,18.6,20.88333333
Adur,"13,434","2,035",393,231,2.9%,11.4%,4.1%,8.8%,-18.0%,-30.4%,12899,1871,479,332,3.7%,17.7%,-0.8%,-6.4%,18.45,20.2
Arun,"39,328","6,498","1,712","1,089",4.4%,16.8%,7.7%,9.9%,-8.5%,-3.9%,36531,5911,1872,1133,5.1%,19.2%,-0.8%,-2.4%,18.55,20.41666667
Chichester,"27,894","4,292","1,093",675,3.9%,15.7%,13.8%,21.8%,7.4%,1.0%,24513,3524,1018,668,4.2%,19.0%,-0.2%,-3.2%,18.65,20.95
Crawley,"13,468","2,047",353,216,2.6%,10.6%,-8.2%,52.8%,53.5%,74.2%,14667,1340,230,124,1.6%,9.3%,1.1%,1.3%,18.95,20.28333333
Horsham,"25,570","3,723",904,551,3.5%,14.8%,24.9%,30.7%,11.3%,10.4%,20474,2849,812,499,4.0%,17.5%,-0.4%,-2.7%,18.7,21.08333333
Mid Sussex,"25,307","3,898","1,016",656,4.0%,16.8%,19.6%,25.2%,-3.1%,-3.4%,21151,3114,1048,679,5.0%,21.8%,-0.9%,-5.0%,18.3,20.65
Worthing,"21,574","4,078","1,250",794,5.8%,19.5%,-4.6%,-9.9%,-20.7%,-21.4%,22608,4528,1576,1010,7.0%,22.3%,-1.2%,-2.8%,18.05,19.76666667
Bath and North East Somerset,"31,817","4,908","1,020",629,3.2%,12.8%,5.5%,23.5%,-3.7%,-6.5%,30160,3973,1059,673,3.5%,16.9%,-0.3%,-4.1%,18.95,20.63333333
"Bristol, City of","55,872","8,912","1,751",988,3.1%,11.1%,-1.4%,23.4%,-12.4%,-7.6%,56679,7224,1998,1069,3.5%,14.8%,-0.4%,-3.7%,17.55,19.38333333
"Cornwall,Isles of Scilly","115,747","15,798","3,720","2,370",3.2%,15.0%,14.9%,20.3%,-5.7%,1.2%,100727,13130,3944,2341,3.9%,17.8%,-0.7%,-2.8%,#N/A,#N/A
Wiltshire,"85,488","11,962","2,786","1,713",3.3%,14.3%,20.0%,32.4%,4.0%,5.7%,71239,9037,2680,1620,3.8%,17.9%,-0.5%,-3.6%,18.35,20.53333333
North Somerset,"42,633","6,519","1,958","1,209",4.6%,18.5%,17.2%,26.4%,-13.9%,-10.6%,36383,5158,2274,1353,6.3%,26.2%,-1.7%,-7.7%,18.5,20.35
South Gloucestershire,"44,409","5,534","1,282",772,2.9%,14.0%,25.7%,43.8%,-1.5%,-1.7%,35328,3849,1302,785,3.7%,20.4%,-0.8%,-6.4%,18.6,20.7
Plymouth,"41,715","5,618","1,452",847,3.5%,15.1%,8.4%,17.3%,-23.4%,-19.6%,38479,4790,1895,1054,4.9%,22.0%,-1.4%,-6.9%,17.5,19.3
Torbay,"30,854","5,071","1,445",932,4.7%,18.4%,5.1%,4.2%,-19.9%,-16.8%,29362,4868,1804,1120,6.1%,23.0%,-1.5%,-4.6%,18.45,20.01666667
Bournemouth,"32,311","6,146","1,638","1,050",5.1%,17.1%,-5.7%,5.8%,-29.1%,-28.3%,34280,5810,2309,1464,6.7%,25.2%,-1.7%,-8.1%,18.15,19.75
Poole,"30,158","4,919","1,040",677,3.4%,13.8%,7.5%,25.0%,-4.6%,-4.5%,28053,3934,1090,709,3.9%,18.0%,-0.4%,-4.3%,18.6,20.61666667
Swindon,"28,854","3,795",763,421,2.6%,11.1%,16.2%,45.2%,-2.3%,-3.0%,24839,2614,781,434,3.1%,16.6%,-0.5%,-5.5%,17.5,19.66666667
East Devon,"37,346","6,343","1,351",888,3.6%,14.0%,10.8%,21.8%,-13.8%,-12.3%,33716,5206,1567,1013,4.6%,19.5%,-1.0%,-5.5%,19,21.08333333
Exeter,"18,269","3,086",718,439,3.9%,14.2%,2.5%,21.2%,-10.7%,-6.2%,17826,2547,804,468,4.5%,18.4%,-0.6%,-4.1%,18.25,20.43333333
Mid Devon,"15,865","2,190",397,264,2.5%,12.1%,22.1%,25.1%,-5.3%,-4.7%,12994,1751,419,277,3.2%,15.8%,-0.7%,-3.8%,19,21.11666667
North Devon,"20,808","3,015",715,437,3.4%,14.5%,17.9%,27.5%,3.6%,12.1%,17649,2364,690,390,3.9%,16.5%,-0.5%,-2.0%,18.3,20.21666667
South Hams,"19,754","2,789",531,372,2.7%,13.3%,15.9%,16.5%,-29.5%,-18.2%,17049,2395,753,455,4.4%,19.0%,-1.7%,-5.7%,19.2,21.1
Teignbridge,"29,016","4,608","1,261",870,4.3%,18.9%,9.4%,25.6%,-5.3%,7.9%,26515,3668,1332,806,5.0%,22.0%,-0.7%,-3.1%,18.85,20.45
Torridge,"14,978","1,960",476,318,3.2%,16.2%,24.5%,24.4%,-15.2%,-6.5%,12032,1576,561,340,4.7%,21.6%,-1.5%,-5.3%,18.1,20.16666667
West Devon,"12,390","1,769",458,301,3.7%,17.0%,27.9%,29.1%,4.8%,7.9%,9686,1370,437,279,4.5%,20.4%,-0.8%,-3.3%,18.25,20.56666667
Christchurch,"14,187","2,494",328,227,2.3%,9.1%,7.1%,36.1%,13.1%,9.1%,13252,1833,290,208,2.2%,11.3%,0.1%,-2.2%,19.7,21.88333333
East Dorset,"24,319","3,833",609,421,2.5%,11.0%,14.5%,43.1%,24.3%,24.2%,21242,2678,490,339,2.3%,12.7%,0.2%,-1.7%,19.85,22.21666667
North Dorset,"14,799","2,150",382,282,2.6%,13.1%,19.9%,32.4%,20.9%,30.0%,12347,1624,316,217,2.6%,13.4%,0.0%,-0.2%,19.5,21.46666667
Purbeck,"10,947","1,532",178,123,1.6%,8.0%,13.3%,24.7%,-38.0%,-34.6%,9658,1229,287,188,3.0%,15.3%,-1.3%,-7.3%,19.15,21.7
West Dorset,"26,278","4,150",942,671,3.6%,16.2%,16.3%,35.3%,-4.4%,4.0%,22595,3068,985,645,4.4%,21.0%,-0.8%,-4.9%,19,21
Weymouth and Portland,"13,615","1,904",414,247,3.0%,13.0%,10.6%,7.5%,-29.0%,-27.8%,12310,1771,583,342,4.7%,19.3%,-1.7%,-6.3%,18.1,20.18333333
Cheltenham,"19,329","3,326",840,565,4.3%,17.0%,1.2%,23.1%,2.9%,17.7%,19100,2702,816,480,4.3%,17.8%,0.1%,-0.8%,18.55,20.8
Cotswold,"18,489","2,782",515,354,2.8%,12.7%,15.2%,33.4%,27.5%,37.7%,16056,2086,404,257,2.5%,12.3%,0.3%,0.4%,18.75,21.38333333
Forest of Dean,"16,986","2,232",478,291,2.8%,13.0%,22.7%,36.7%,-4.0%,7.0%,13839,1633,498,272,3.6%,16.7%,-0.8%,-3.6%,17.85,20.15
Gloucester,"18,065","2,497",471,286,2.6%,11.5%,9.9%,35.6%,-22.8%,-13.6%,16442,1842,610,331,3.7%,18.0%,-1.1%,-6.5%,18.1,19.65
Stroud,"21,977","3,064",469,291,2.1%,9.5%,15.6%,16.7%,-33.3%,-30.5%,19006,2626,703,419,3.7%,16.0%,-1.6%,-6.5%,18.05,20.08333333
Tewkesbury,"16,509","2,268",398,225,2.4%,9.9%,21.7%,33.9%,-10.0%,-9.6%,13570,1694,442,249,3.3%,14.7%,-0.8%,-4.8%,18.8,20.43333333
Mendip,"21,278","3,165",827,539,3.9%,17.0%,18.7%,29.6%,7.7%,18.7%,17923,2442,768,454,4.3%,18.6%,-0.4%,-1.6%,18.35,20.65
Sedgemoor,"23,465","3,266",710,474,3.0%,14.5%,15.8%,29.4%,0.6%,3.0%,20257,2523,706,460,3.5%,18.2%,-0.5%,-3.7%,18.35,20.46666667
South Somerset,"34,825","5,085","1,158",781,3.3%,15.4%,17.6%,32.3%,3.3%,11.6%,29617,3844,1121,700,3.8%,18.2%,-0.5%,-2.9%,18.55,20.8
Taunton Deane,"22,012","3,541","1,066",651,4.8%,18.4%,12.1%,34.5%,22.4%,22.8%,19631,2633,871,530,4.4%,20.1%,0.4%,-1.7%,18.35,20.03333333
West Somerset,"10,080","1,552",299,194,3.0%,12.5%,8.8%,17.5%,-14.8%,-9.8%,9262,1321,351,215,3.8%,16.3%,-0.8%,-3.8%,19.15,21.06666667
Isle of Anglesey,"15,646","2,026",511,316,3.3%,15.6%,24.2%,33.5%,46.8%,54.9%,12595,1518,348,204,2.8%,13.4%,0.5%,2.2%,#N/A,#N/A
Gwynedd,"25,140","3,445",670,383,2.7%,11.1%,13.2%,25.3%,-5.2%,-7.3%,22200,2749,707,413,3.2%,15.0%,-0.5%,-3.9%,#N/A,#N/A
Conwy,"28,162","4,275","1,201",747,4.3%,17.5%,11.3%,17.3%,1.4%,1.9%,25302,3644,1184,733,4.7%,20.1%,-0.4%,-2.6%,#N/A,#N/A
Denbighshire,"19,690","2,583",490,306,2.5%,11.8%,4.7%,-1.5%,-48.2%,-39.4%,18809,2622,946,505,5.0%,19.3%,-2.5%,-7.4%,#N/A,#N/A
Flintshire,"26,836","3,153",568,359,2.1%,11.4%,21.2%,23.2%,-25.7%,-18.8%,22147,2559,764,442,3.4%,17.3%,-1.3%,-5.9%,#N/A,#N/A
Wrexham,"22,851","2,877",814,465,3.6%,16.2%,10.9%,14.8%,-16.9%,-9.7%,20611,2506,979,515,4.7%,20.6%,-1.2%,-4.4%,#N/A,#N/A
Ceredigion,"15,705","2,136",420,281,2.7%,13.2%,13.2%,26.2%,7.7%,24.3%,13876,1692,390,226,2.8%,13.4%,-0.1%,-0.2%,#N/A,#N/A
Pembrokeshire,"26,693","3,466",862,508,3.2%,14.7%,21.8%,45.4%,5.6%,16.0%,21909,2384,816,438,3.7%,18.4%,-0.5%,-3.7%,#N/A,#N/A
Carmarthenshire,"38,176","5,182","1,255",698,3.3%,13.5%,13.3%,32.4%,18.7%,30.2%,33702,3913,1057,536,3.1%,13.7%,0.2%,-0.2%,#N/A,#N/A
Swansea,"42,812","5,755","1,247",695,2.9%,12.1%,4.9%,18.9%,-11.3%,-14.3%,40803,4839,1406,811,3.4%,16.8%,-0.5%,-4.7%,#N/A,#N/A
Neath Port Talbot,"26,051","3,452",749,440,2.9%,12.7%,5.7%,22.2%,1.6%,20.2%,24641,2825,737,366,3.0%,13.0%,-0.1%,-0.2%,#N/A,#N/A
Bridgend,"24,854","3,040",548,350,2.2%,11.5%,16.7%,32.3%,-22.9%,-5.4%,21302,2297,711,370,3.3%,16.1%,-1.1%,-4.6%,#N/A,#N/A
The Vale of Glamorgan,"23,055","3,153",747,482,3.2%,15.3%,15.2%,30.6%,-20.8%,-11.2%,20014,2415,943,543,4.7%,22.5%,-1.5%,-7.2%,#N/A,#N/A
Cardiff,"45,552","6,898","1,369",812,3.0%,11.8%,2.2%,34.0%,29.4%,45.5%,44571,5147,1058,558,2.4%,10.8%,0.6%,0.9%,#N/A,#N/A
Rhondda Cynon Taf,"40,073","5,059","1,261",752,3.1%,14.9%,6.2%,28.8%,27.0%,50.4%,37732,3928,993,500,2.6%,12.7%,0.5%,2.1%,#N/A,#N/A
Caerphilly,"29,565","3,408",684,391,2.3%,11.5%,14.4%,34.9%,-1.9%,9.2%,25836,2526,697,358,2.7%,14.2%,-0.4%,-2.7%,#N/A,#N/A
Blaenau Gwent,"12,477","1,497",360,193,2.9%,12.9%,5.4%,12.6%,-22.4%,-24.3%,11839,1330,464,255,3.9%,19.2%,-1.0%,-6.3%,#N/A,#N/A
Torfaen,"16,370","2,158",466,260,2.8%,12.0%,7.1%,49.0%,2.0%,10.6%,15283,1448,457,235,3.0%,16.2%,-0.1%,-4.2%,#N/A,#N/A
Monmouthshire,"19,043","2,577",394,250,2.1%,9.7%,24.9%,45.8%,25.5%,46.2%,15244,1768,314,171,2.1%,9.7%,0.0%,0.0%,#N/A,#N/A
Newport,"23,751","3,148",604,358,2.5%,11.4%,7.5%,32.0%,0.7%,-3.0%,22096,2385,600,369,2.7%,15.5%,-0.2%,-4.1%,#N/A,#N/A
Powys,"30,246","4,088",982,589,3.2%,14.4%,20.0%,36.7%,40.1%,47.3%,25201,2990,701,400,2.8%,13.4%,0.5%,1.0%,#N/A,#N/A
Merthyr Tydfil,"9,796","1,184",296,164,3.0%,13.9%,8.2%,33.2%,17.0%,23.3%,9050,889,253,133,2.8%,15.0%,0.2%,-1.1%,#N/A,#N/A
,"26,656","3,626",840,497,0,0,0,0,0,0,"24,025","2,926",837,473,3.5%,16.1%,-0.3%,-2.4%,,
